step,ps0,ps1,ps2,ps3,ps4,ps5,ps6,ps7,accel_x,accel_y,accel_z,gyro_x,gyro_y,gyro_z,vibracion,avance_real,odo_izq,odo_der,terreno,slip,inclinacion,front_min,side_min,safety,action
0,67.2,69.3,67.9,67.0,67.7,68.8,67.9,68.9,0.0,0.0,9.801,-0.588,0.0,0.0,9.801,0.0,0.0,0.0,rough,0.0,0.0,67.2,67.9,ok,
1,65.8,69.2,65.8,70.0,66.9,70.4,68.0,72.5,0.0,0.0,9.835,-0.468,0.0,0.0,0.034,0.0,0.0,0.0,sand,0.0,0.0,65.8,68.0,ok,
2,67.5,63.6,68.0,67.2,66.7,66.5,65.9,68.8,0.0,0.0,9.768,-0.378,0.0,0.0,0.067,0.0,0.0,0.0,sand,0.0,0.0,67.5,63.6,ok,
3,66.9,71.4,70.3,68.1,72.2,68.8,67.6,63.8,0.0,0.0,9.756,-0.303,0.0,0.0,0.012,0.0,0.0,0.0,sand,0.0,0.0,63.8,67.6,ok,
4,66.3,64.5,71.6,67.0,61.6,66.8,70.1,64.9,0.0,0.0,9.811,-0.243,0.0,0.0,0.055,0.0,0.0,0.0,sand,0.0,0.0,64.9,64.5,ok,avanzando en sand a 35% slip=0.0
5,69.0,66.1,65.2,68.8,64.5,64.2,66.0,69.5,1.647,0.0,9.774,-0.193,-6678.998,-0.0,1.648,0.0691,0.069,0.069,rough,0.018,9.6,69.0,66.0,ok,avanzando en sand a 35% slip=0.0
6,68.2,62.7,64.7,64.8,66.6,69.3,72.4,77.7,0.141,0.0,9.802,-0.095,3305.598,-0.001,1.507,0.0691,0.138,0.138,rough,0.018,0.8,68.2,62.7,ok,avanzando en sand a 35% slip=0.0
7,72.1,71.8,70.1,68.5,68.1,69.5,64.8,65.8,-0.006,0.0,9.822,-0.136,3501.824,0.003,0.148,0.0754,0.214,0.214,metal,0,0.0,65.8,64.8,ok,avanzando en sand a 35% slip=0.0
8,68.5,60.4,65.4,71.6,61.1,64.8,68.8,67.7,-0.153,0.0,9.849,-0.109,3502.29,0.0,0.149,0.0691,0.283,0.283,metal,0.018,0.9,67.7,60.4,ok,avanzando en sand a 35% slip=0.0
9,66.5,65.6,66.3,65.1,67.5,70.9,66.7,69.6,-0.08,0.0,9.849,-0.054,-1734.326,0.001,0.073,0.0691,0.352,0.352,carpet,0.018,0.5,66.5,65.6,ok,avanzando en carpet a 50% slip=0.018
10,63.9,67.5,65.6,70.8,65.1,57.6,71.7,72.8,0.706,0.0,9.74,-0.077,-4705.571,-0.001,0.794,0.1005,0.452,0.452,rough,0,4.1,63.9,67.5,ok,avanzando en carpet a 50% slip=0.018
11,71.9,63.0,64.9,64.4,73.3,66.6,71.6,62.8,0.019,0.0,9.828,-0.039,2315.795,-0.0,0.693,0.1005,0.553,0.553,rough,0,0.1,62.8,63.0,ok,avanzando en carpet a 50% slip=0.018
12,67.8,75.6,68.7,67.7,67.1,69.1,64.7,62.7,-0.079,0.0,9.884,-0.054,2339.873,0.001,0.114,0.1005,0.653,0.653,metal,0,0.5,62.7,64.7,ok,avanzando en carpet a 50% slip=0.018
13,59.6,69.2,62.0,76.0,69.9,61.1,64.8,65.5,-0.067,0.0,9.8,-0.043,-300.467,-0.0,0.085,0.1005,0.754,0.754,carpet,0,0.4,59.6,64.8,ok,avanzando en carpet a 50% slip=0.018
14,70.3,68.8,69.9,67.3,67.3,69.7,67.1,68.6,-0.05,0.0,9.806,-0.035,-393.068,0.0,0.018,0.1005,0.854,0.854,carpet,0.0,0.3,68.6,67.1,ok,avanzando en carpet a 50% slip=0.0
15,70.3,70.8,68.3,68.7,58.8,63.3,65.3,56.1,-0.031,0.0,9.823,-0.028,-466.787,0.0,0.026,0.1005,0.955,0.955,carpet,0,0.2,56.1,65.3,ok,avanzando en carpet a 50% slip=0.0
16,67.2,66.7,71.7,66.7,65.1,68.1,67.2,62.2,-0.009,0.0,9.779,-0.022,-508.111,0.0,0.049,0.1005,1.055,1.055,carpet,0,0.1,62.2,66.7,ok,avanzando en carpet a 50% slip=0.0
17,69.4,69.8,67.2,63.9,70.8,66.9,66.0,60.0,0.013,0.0,9.829,-0.018,-526.301,0.0,0.055,0.1005,1.156,1.156,carpet,0,0.1,60.0,66.0,ok,avanzando en carpet a 50% slip=0.0
18,67.6,68.9,76.0,65.3,64.8,64.0,67.9,66.0,0.034,0.0,9.789,-0.014,-508.03,0.0,0.046,0.1005,1.256,1.256,carpet,0.0,0.2,66.0,67.9,ok,avanzando en carpet a 50% slip=0.0
19,73.2,65.1,61.2,70.0,67.1,70.6,68.9,71.6,0.03,0.0,9.837,-0.011,90.581,0.0,0.048,0.1005,1.356,1.356,carpet,0.0,0.2,71.6,65.1,ok,avanzando en carpet a 50% slip=0.0
20,67.0,70.7,75.2,67.1,69.1,67.9,67.9,63.6,0.024,0.0,9.785,-0.009,132.966,0.0,0.052,0.1005,1.457,1.457,carpet,0,0.1,63.6,67.9,ok,avanzando en carpet a 50% slip=0.0
21,64.3,66.1,69.5,63.2,67.9,67.0,72.5,63.7,0.017,0.0,9.84,-0.007,169.096,0.0,0.056,0.1005,1.557,1.557,carpet,0.0,0.1,63.7,66.1,ok,avanzando en carpet a 50% slip=0.0
22,68.7,70.8,64.0,80.2,66.3,66.3,67.7,65.6,0.009,0.0,9.808,-0.006,193.064,-0.0,0.034,0.1005,1.658,1.658,carpet,0,0.1,65.6,67.7,ok,avanzando en carpet a 50% slip=0.0
23,65.7,66.6,75.4,70.9,62.3,69.0,71.6,72.4,0.001,0.0,9.748,-0.004,206.463,-0.0,0.06,0.1005,1.758,1.758,carpet,0.0,0.0,65.7,66.6,ok,avanzando en carpet a 50% slip=0.0
24,64.6,66.0,66.0,71.3,61.9,66.8,66.7,65.0,-0.008,0.0,9.803,-0.003,207.77,-0.0,0.056,0.1005,1.859,1.859,carpet,0,0.0,64.6,66.0,ok,avanzando en carpet a 50% slip=0
25,66.8,73.0,70.9,72.3,73.2,72.2,60.8,61.8,-0.016,0.0,9.791,-0.003,195.183,-0.0,0.015,0.1005,1.959,1.959,carpet,0.0,0.1,61.8,60.8,ok,avanzando en carpet a 50% slip=0
26,67.4,65.4,67.4,66.5,66.9,65.4,60.8,60.9,-0.016,0.0,9.836,-0.002,-9.222,-0.0,0.045,0.1005,2.06,2.06,carpet,0.0,0.1,60.9,60.8,ok,avanzando en carpet a 50% slip=0
27,69.4,70.0,67.8,71.8,66.1,61.7,69.8,69.2,-0.015,0.0,9.84,-0.002,-32.006,-0.0,0.003,0.1005,2.16,2.16,carpet,0,0.1,69.2,69.8,ok,avanzando en carpet a 50% slip=0
28,68.2,63.6,66.5,75.6,66.1,66.0,69.9,69.4,-0.012,0.0,9.818,-0.001,-52.62,-0.0,0.022,0.1005,2.261,2.261,carpet,0,0.1,68.2,63.6,ok,avanzando en carpet a 50% slip=0
29,72.0,68.5,65.1,68.0,70.6,70.0,63.3,68.0,-0.009,0.0,9.757,-0.001,-70.033,-0.0,0.061,0.1005,2.361,2.361,carpet,0.0,0.1,68.0,63.3,ok,avanzando en carpet a 50% slip=0.0
30,60.4,68.3,65.4,66.1,68.7,70.7,66.5,69.1,-0.006,0.0,9.859,-0.001,-83.577,-0.0,0.101,0.1005,2.462,2.462,metal,0,0.0,60.4,66.5,ok,avanzando en carpet a 50% slip=0.0
31,58.1,71.5,68.7,73.3,71.5,67.1,62.8,68.5,-0.002,0.0,9.822,-0.001,-92.01,-0.0,0.037,0.1005,2.562,2.562,carpet,0,0.0,58.1,62.8,ok,avanzando en carpet a 50% slip=0.0
32,73.1,67.2,64.6,71.3,65.3,65.9,63.2,67.4,0.002,0.0,9.859,-0.001,-94.845,0.0,0.037,0.1005,2.663,2.663,carpet,0,0.0,67.4,63.2,ok,avanzando en carpet a 50% slip=0.0
33,64.5,68.2,68.1,69.9,61.2,64.7,69.0,64.4,0.006,0.0,9.82,-0.0,-92.271,0.0,0.039,0.1005,2.763,2.763,carpet,0.0,0.0,64.4,68.2,ok,avanzando en carpet a 50% slip=0.0
34,67.8,64.2,69.2,67.2,65.8,64.1,67.6,66.2,0.009,0.0,9.785,-0.0,-83.964,0.0,0.035,0.1005,2.864,2.864,carpet,0,0.1,66.2,64.2,ok,avanzando en carpet a 50% slip=0
35,66.4,70.8,70.6,71.7,66.9,69.1,67.1,72.2,0.012,0.0,9.784,-0.0,-70.796,0.0,0.003,0.1005,2.964,2.964,carpet,0,0.1,66.4,67.1,ok,avanzando en carpet a 50% slip=0
36,64.0,63.3,69.0,71.1,59.8,65.2,68.7,65.7,0.014,0.0,9.8,-0.0,-53.204,0.0,0.017,0.1005,3.065,3.065,carpet,0.0,0.1,64.0,63.3,ok,avanzando en carpet a 50% slip=0
37,71.7,66.5,68.8,70.1,68.7,71.9,69.3,67.8,0.014,0.0,9.762,-0.0,1.416,0.0,0.038,0.1005,3.165,3.165,carpet,0,0.1,67.8,66.5,ok,avanzando en carpet a 50% slip=0
38,67.9,63.9,63.9,60.2,67.6,67.3,66.4,69.7,0.013,-0.0,9.785,-0.0,22.119,0.0,0.024,0.1005,3.266,3.266,carpet,0,0.1,67.9,63.9,ok,avanzando en carpet a 50% slip=0
39,63.3,71.0,63.3,62.7,66.4,64.8,66.1,70.2,0.012,-0.0,9.84,-0.0,41.352,0.0,0.054,0.1005,3.366,3.366,carpet,0,0.1,63.3,66.1,ok,avanzando en carpet a 50% slip=0
40,68.3,67.2,70.1,69.8,65.6,65.8,67.2,66.9,0.009,-0.0,9.835,-0.0,57.803,0.0,0.005,0.1005,3.467,3.467,carpet,0.0,0.1,66.9,67.2,ok,avanzando en carpet a 50% slip=0
41,64.7,67.9,66.9,72.1,59.6,70.3,68.0,68.5,0.006,-0.0,9.755,-0.0,71.389,0.0,0.08,0.1005,3.567,3.567,carpet,0,0.0,64.7,67.9,ok,avanzando en carpet a 50% slip=0
42,69.6,65.3,62.0,70.0,69.9,64.9,67.5,68.5,0.003,-0.0,9.908,-0.0,80.596,0.0,0.153,0.1005,3.668,3.668,metal,0,0.0,68.5,65.3,ok,avanzando en carpet a 50% slip=0
43,61.6,68.1,63.6,65.8,69.4,63.9,71.9,68.1,-0.001,-0.0,9.82,-0.0,84.66,0.0,0.088,0.1005,3.768,3.768,carpet,0.0,0.0,61.6,68.1,ok,avanzando en carpet a 50% slip=0
44,65.7,60.8,70.2,66.9,69.0,66.0,70.2,67.7,-0.004,-0.0,9.773,0.0,84.024,0.0,0.047,0.1005,3.868,3.868,carpet,0,0.0,65.7,60.8,ok,avanzando en carpet a 50% slip=0
45,62.6,66.9,70.3,74.1,71.6,65.3,68.6,62.3,-0.007,-0.0,9.787,0.0,78.053,0.0,0.014,0.0942,3.963,3.963,carpet,0.062,0.0,62.3,66.9,ok,avanzando en carpet a 50% slip=0
46,70.9,68.5,67.5,67.1,64.2,70.6,69.5,69.5,-0.01,-0.0,9.852,0.0,67.778,0.0,0.065,0.1005,4.063,4.063,carpet,0.0,0.1,69.5,68.5,ok,avanzando en carpet a 50% slip=0
47,72.7,67.8,68.3,63.8,71.6,58.7,70.3,63.8,-0.012,-0.0,9.87,0.0,53.422,-0.0,0.018,0.1005,4.164,4.164,carpet,0,0.1,63.8,67.8,ok,avanzando en carpet a 50% slip=0
48,70.5,63.2,66.7,64.6,72.2,65.4,67.2,69.3,-0.014,-0.0,9.772,0.0,35.387,-0.0,0.098,0.1005,4.264,4.264,carpet,0,0.1,69.3,63.2,ok,avanzando en carpet a 50% slip=0
49,67.8,65.4,72.4,63.9,62.6,71.7,66.3,72.8,-0.015,-0.0,9.787,0.0,15.584,-0.0,0.015,0.1005,4.365,4.365,carpet,0,0.1,67.8,65.4,ok,avanzando en carpet a 50% slip=0
50,72.6,68.4,69.3,69.5,65.4,66.1,60.5,68.9,-0.014,-0.0,9.847,0.0,-5.056,-0.0,0.06,0.1005,4.465,4.465,carpet,0,0.1,68.9,60.5,ok,avanzando en carpet a 50% slip=0
51,67.4,68.5,71.3,70.9,67.2,65.5,66.8,65.4,-0.013,-0.0,9.797,0.0,-25.528,-0.0,0.05,0.1005,4.566,4.566,carpet,0.0,0.1,65.4,66.8,ok,avanzando en carpet a 50% slip=0
52,66.3,67.7,63.7,63.6,59.1,67.3,68.8,73.8,-0.011,0.0,9.757,0.0,-44.33,-0.0,0.04,0.1005,4.666,4.666,carpet,0,0.1,66.3,67.7,ok,avanzando en carpet a 50% slip=0
53,63.7,66.2,68.6,63.3,64.9,64.4,74.0,65.7,-0.009,0.0,9.816,0.0,-60.645,-0.0,0.06,0.1005,4.767,4.767,carpet,0,0.1,63.7,66.2,ok,avanzando en carpet a 50% slip=0
54,68.0,70.3,64.1,69.7,64.6,67.8,63.9,62.1,-0.006,0.0,9.806,0.0,-73.798,-0.0,0.01,0.1005,4.867,4.867,carpet,0,0.0,62.1,63.9,ok,avanzando en carpet a 50% slip=0
55,61.8,66.5,68.3,68.7,67.2,66.9,69.2,66.3,-0.002,0.0,9.776,0.0,-81.764,-0.0,0.031,0.1005,4.967,4.967,carpet,0,0.0,61.8,66.5,ok,avanzando en carpet a 50% slip=0
56,65.9,70.9,65.0,65.2,67.1,66.3,68.5,69.0,0.001,0.0,9.841,0.0,-85.023,-0.0,0.065,0.1005,5.068,5.068,carpet,0,0.0,65.9,68.5,ok,avanzando en carpet a 50% slip=0
57,65.2,66.9,69.3,64.1,64.8,65.9,68.9,69.0,0.005,0.0,9.787,0.0,-83.805,-0.0,0.053,0.1005,5.168,5.168,carpet,0,0.0,65.2,66.9,ok,avanzando en carpet a 50% slip=0
58,70.0,71.7,67.2,67.9,62.5,69.8,72.8,68.0,0.008,0.0,9.79,0.0,-77.043,-0.0,0.004,0.1005,5.269,5.269,carpet,0.0,0.0,68.0,71.7,ok,avanzando en carpet a 50% slip=0
59,64.3,67.1,62.2,67.9,67.2,70.0,66.3,67.5,0.011,0.0,9.822,0.0,-65.608,-0.0,0.032,0.1005,5.369,5.369,carpet,0,0.1,64.3,66.3,ok,explorando (carpet)
60,70.0,67.7,74.5,64.1,69.5,66.9,67.4,61.3,0.018,0.005,9.766,-4.548,14.243,90.806,0.057,0.0031,6.035,4.71,sand,0.0,0.1,61.3,67.4,ok,explorando (carpet)
61,69.5,65.9,69.9,64.1,66.5,67.3,66.8,64.9,0.01,0.001,9.818,-3.68,31.385,72.467,0.053,0.0,6.035,4.71,sand,0.0,0.1,64.9,65.9,ok,explorando (carpet)
62,68.9,66.4,68.5,70.2,65.1,65.7,70.6,63.6,0.009,0.0,9.853,-2.957,45.742,57.669,0.035,0.0,6.035,4.71,sand,0.0,0.0,63.6,66.4,ok,explorando (carpet)
63,72.8,72.3,70.7,62.2,73.2,66.4,73.6,64.8,0.006,0.0,9.869,-2.376,56.614,46.048,0.016,0.0,6.035,4.71,sand,0.0,0.0,64.8,72.3,ok,explorando (carpet)
64,66.9,70.3,65.9,70.6,71.1,67.1,63.7,68.3,0.003,0.0,9.799,-1.902,64.953,36.759,0.07,0.0,6.035,4.71,sand,0.0,0.0,66.9,63.7,ok,avanzando en sand a 35% slip=0.0
65,60.5,67.5,66.1,67.4,73.9,69.9,63.7,62.2,1.654,-0.0,9.763,-5.746,-6640.267,28.889,1.65,0.0691,6.104,4.779,rough,0.018,9.6,60.5,63.7,ok,avanzando en sand a 35% slip=0.0
66,67.1,64.8,71.2,66.1,70.0,61.8,70.0,62.1,0.143,0.0,9.815,-4.022,3267.773,22.564,1.511,0.0691,6.173,4.848,rough,0.018,0.8,62.1,64.8,ok,avanzando en sand a 35% slip=0.0
67,60.7,68.1,68.5,60.2,69.7,67.2,68.8,72.6,-0.004,-0.0,9.791,-4.589,3492.538,18.81,0.149,0.0691,6.242,4.917,metal,0.018,0.0,60.7,68.1,ok,avanzando en sand a 35% slip=0.0
68,68.1,61.4,66.3,69.7,62.3,67.5,67.5,66.8,-0.151,-0.0,9.877,-2.778,3511.265,15.653,0.17,0.0754,6.318,4.993,metal,0,0.9,66.8,61.4,ok,avanzando en sand a 35% slip=0.0
69,69.4,68.3,66.3,64.1,66.1,65.7,67.2,59.7,-0.078,-0.0,9.779,-0.178,-1733.917,12.371,0.122,0.0691,6.387,5.062,metal,0.018,0.5,59.7,67.2,ok,avanzando en metal a 60% slip=0.018
70,66.3,64.8,74.9,58.7,63.5,68.4,65.0,72.0,1.182,-0.0,9.776,-0.797,-6638.829,10.226,1.26,0.1193,6.506,5.181,rough,0.01,6.9,66.3,64.8,ok,avanzando en metal a 60% slip=0.018
71,73.0,71.3,65.8,60.0,67.5,69.8,66.8,71.2,0.062,-0.0,9.855,-0.307,3278.05,8.793,1.123,0.1193,6.625,5.3,rough,0.01,0.4,71.2,66.8,ok,avanzando en metal a 60% slip=0.018
72,68.0,76.5,61.3,63.5,66.3,67.3,69.7,67.9,-0.08,-0.0,9.807,0.183,3401.292,7.138,0.149,0.1193,6.745,5.42,metal,0.01,0.5,67.9,69.7,ok,avanzando en metal a 60% slip=0.018
73,66.8,73.1,62.1,69.0,67.3,62.6,71.4,70.1,-0.01,-0.0,9.783,0.751,-1670.087,5.334,0.074,0.1225,6.87,5.539,carpet,0,0.1,66.8,71.4,ok,avanzando en metal a 60% slip=0.018
74,66.2,74.9,78.6,64.8,64.0,75.1,65.1,67.3,0.06,-0.0,9.829,1.334,-1669.856,4.06,0.084,0.1225,6.99,5.665,carpet,0,0.3,66.2,65.1,ok,avanzando en carpet a 50% slip=0
75,65.2,69.5,68.2,72.6,64.4,65.3,68.7,66.4,-0.346,-0.0,9.805,1.476,338.243,2.799,0.407,0.1005,7.09,5.765,metal,0,2.0,65.2,68.7,ok,avanzando en carpet a 50% slip=0
76,69.6,67.3,70.6,62.2,60.9,64.5,67.6,72.0,0.029,-0.0,9.816,1.376,414.889,1.857,0.375,0.1005,7.191,5.866,metal,0,0.2,69.6,67.3,ok,avanzando en carpet a 50% slip=0
77,61.5,72.1,65.4,61.6,63.6,71.8,69.9,64.5,0.009,-0.0,9.766,1.254,465.805,1.149,0.053,0.1005,7.291,5.966,carpet,0,0.1,61.5,69.9,ok,avanzando en carpet a 50% slip=0
78,69.4,63.0,61.4,67.1,74.2,69.1,65.4,63.8,-0.011,-0.0,9.819,1.096,485.378,0.67,0.056,0.1005,7.392,6.066,carpet,0,0.1,63.8,63.0,ok,avanzando en carpet a 50% slip=0
79,66.5,63.9,67.0,69.1,67.6,63.0,73.3,67.1,-0.031,-0.0,9.833,0.944,475.936,0.339,0.024,0.1005,7.492,6.167,carpet,0.0,0.2,66.5,63.9,ok,avanzando en carpet a 50% slip=0.0
80,70.9,63.7,72.7,64.7,74.3,66.5,67.5,68.9,-0.027,0.0,9.807,0.768,-79.589,0.11,0.026,0.1005,7.593,6.267,carpet,0,0.2,68.9,63.7,ok,avanzando en carpet a 50% slip=0.0
81,64.0,71.6,65.4,71.1,69.9,63.6,66.8,61.0,-0.023,-0.0,9.751,0.655,-115.358,-0.004,0.056,0.1005,7.693,6.368,carpet,0.0,0.1,61.0,66.8,ok,avanzando en carpet a 50% slip=0.0
82,66.9,70.3,66.6,65.3,63.4,60.7,73.3,62.2,-0.017,-0.0,9.795,0.534,-144.665,-0.061,0.045,0.1005,7.793,6.468,carpet,0,0.1,62.2,70.3,ok,avanzando en carpet a 50% slip=0.0
83,66.9,65.0,70.5,63.2,66.4,65.8,64.0,70.5,-0.01,-0.0,9.828,0.421,-166.838,-0.073,0.034,0.0973,7.894,6.563,carpet,0.031,0.1,66.9,64.0,ok,avanzando en carpet a 50% slip=0.0
84,74.2,64.3,63.9,66.6,67.2,65.7,67.1,66.2,-0.002,-0.0,9.837,0.33,-180.04,-0.055,0.012,0.1005,7.994,6.663,carpet,0,0.0,66.2,64.3,ok,explorando (carpet)
85,62.0,70.4,70.1,65.7,71.9,69.4,66.8,67.7,0.013,0.004,9.821,-5.104,67.331,81.954,0.023,0.0,8.654,6.004,sand,0.0,0.1,62.0,66.8,ok,explorando (carpet)
86,68.2,68.1,64.5,72.7,68.3,69.8,70.4,61.9,0.009,0.001,9.787,-4.151,82.896,66.852,0.034,0.0,8.654,6.004,sand,0.0,0.1,61.9,68.1,ok,explorando (carpet)
87,68.8,65.9,60.0,69.1,65.4,70.1,69.4,65.5,0.005,0.001,9.783,-3.331,93.491,53.614,0.005,0.0,8.654,6.004,sand,0.0,0.0,65.5,65.9,ok,explorando (carpet)
88,72.7,70.8,69.0,65.9,71.1,64.2,67.9,62.5,0.001,0.001,9.809,-2.658,99.172,43.334,0.026,0.0,8.654,6.004,sand,0.0,0.0,62.5,67.9,ok,explorando (carpet)
89,67.9,66.0,66.6,67.7,66.7,66.7,73.7,71.8,-0.004,0.0,9.848,-2.117,99.63,34.744,0.04,0.0,8.654,6.004,sand,0.0,0.0,67.9,66.0,ok,avanzando en sand a 35% slip=0.0
90,69.5,67.4,68.9,69.3,66.8,71.7,71.5,68.4,1.646,0.0,9.763,-5.933,-6580.13,28.643,1.652,0.0691,8.723,6.073,rough,0.018,9.6,68.4,67.4,ok,avanzando en sand a 35% slip=0.0
91,59.9,58.4,63.3,69.0,71.4,73.8,64.6,68.9,0.137,0.0,9.769,-4.107,3273.531,24.26,1.509,0.0691,8.792,6.142,rough,0.018,0.8,59.9,58.4,ok,avanzando en sand a 35% slip=0.0
92,68.3,64.2,67.6,69.7,64.9,66.9,67.3,69.6,-0.011,-0.0,9.809,-4.7,3461.768,19.551,0.152,0.0754,8.867,6.217,metal,0,0.1,68.3,64.2,ok,avanzando en sand a 35% slip=0.0
93,74.5,72.5,66.3,63.6,65.4,67.7,62.4,63.7,-0.155,-0.0,9.83,-2.824,3462.335,15.729,0.146,0.0691,8.936,6.286,metal,0.018,0.9,63.7,62.4,ok,avanzando en sand a 35% slip=0.0
94,72.0,67.6,69.5,69.6,64.9,68.6,59.9,68.7,-0.084,-0.0,9.864,-0.245,-1725.273,12.312,0.079,0.0691,9.006,6.355,carpet,0.018,0.5,68.7,59.9,ok,avanzando en carpet a 50% slip=0.018
95,68.6,62.6,70.5,68.1,69.9,67.5,58.7,69.7,0.7,-0.0,9.826,-0.486,-4687.944,10.044,0.784,0.1005,9.106,6.456,rough,0.0,4.1,68.6,58.7,ok,avanzando en carpet a 50% slip=0.018
96,69.1,68.4,74.1,66.9,65.2,67.1,68.8,70.0,0.016,-0.0,9.767,-0.155,2317.27,8.511,0.686,0.1005,9.206,6.556,rough,0.0,0.1,69.1,68.4,ok,avanzando en carpet a 50% slip=0.018
97,72.5,63.4,59.5,65.9,65.5,63.0,65.2,67.1,-0.083,-0.0,9.801,0.33,2336.589,6.739,0.105,0.1005,9.307,6.657,metal,0,0.5,67.1,63.4,ok,avanzando en carpet a 50% slip=0.018
98,69.1,67.4,69.0,67.2,67.7,68.2,63.1,67.8,-0.069,-0.0,9.812,1.166,-321.413,5.153,0.018,0.1005,9.407,6.757,carpet,0.0,0.4,67.8,63.1,ok,avanzando en carpet a 50% slip=0.018
99,71.8,63.5,70.8,64.5,68.5,66.6,70.1,67.4,-0.052,-0.0,9.795,1.041,-407.435,3.978,0.025,0.1005,9.508,6.858,carpet,0,0.3,67.4,63.5,ok,claude:carpet
100,56.7,66.8,62.8,74.4,64.7,63.7,63.2,64.1,-0.033,-0.0,9.837,1.12,-470.212,3.061,0.047,0.1005,9.608,6.958,carpet,0.0,0.2,56.7,63.2,ok,claude:carpet
101,62.1,67.1,67.0,67.4,67.0,68.8,63.1,63.4,-0.012,-0.0,9.776,1.111,-507.512,2.336,0.065,0.1005,9.709,7.059,carpet,0,0.1,62.1,63.1,ok,claude:carpet
102,66.8,69.4,64.4,67.2,65.1,67.1,69.6,62.2,0.01,-0.0,9.822,1.039,-511.525,1.758,0.051,0.1005,9.809,7.159,carpet,0.0,0.1,62.2,69.4,ok,claude:carpet
103,69.6,65.1,65.3,63.0,73.4,71.9,68.6,67.7,0.031,-0.0,9.792,0.946,-492.773,1.305,0.036,0.1005,9.91,7.26,carpet,0,0.2,67.7,65.1,ok,claude:carpet
104,68.1,69.4,71.1,62.4,72.0,68.2,64.6,70.3,0.027,-0.0,9.838,0.831,77.509,0.955,0.046,0.1005,10.01,7.36,carpet,0.0,0.2,68.1,64.6,ok,avanzando en carpet a 50% slip=0.0
105,62.7,71.6,68.6,64.8,67.8,67.1,65.6,64.4,0.022,-0.0,9.813,0.716,121.316,0.685,0.025,0.1005,10.111,7.461,carpet,0.0,0.1,62.7,65.6,ok,avanzando en carpet a 50% slip=0.0
106,62.9,65.7,64.7,65.9,66.5,60.2,65.2,72.1,0.016,-0.0,9.819,0.605,156.48,0.466,0.009,0.1005,10.211,7.561,carpet,0,0.1,62.9,65.2,ok,avanzando en carpet a 50% slip=0.0
107,67.8,65.6,71.6,65.2,69.5,68.8,71.9,65.2,0.008,-0.0,9.831,0.495,180.656,0.295,0.014,0.1005,10.312,7.662,carpet,0.0,0.0,65.2,65.6,ok,avanzando en carpet a 50% slip=0.0
108,66.3,69.8,67.6,69.1,66.4,67.2,65.4,66.2,-0.0,-0.0,9.802,0.405,195.968,0.164,0.03,0.1005,10.412,7.762,carpet,0,0.0,66.2,65.4,ok,avanzando en carpet a 50% slip=0.0
109,68.1,66.8,64.6,68.0,66.4,68.6,71.6,69.1,-0.008,-0.0,9.801,0.321,195.574,0.064,0.008,0.1005,10.513,7.863,carpet,0.0,0.0,68.1,66.8,ok,explorando (carpet)
110,63.7,71.0,65.2,63.3,70.2,68.3,66.1,70.2,0.001,-0.016,9.83,16.647,2710.354,-29.014,0.035,0.0,10.211,8.164,sand,0.0,0.1,63.7,66.1,ok,explorando (carpet)
111,66.1,63.5,65.3,63.0,63.9,65.8,67.3,66.9,-0.113,-0.003,9.795,13.162,2707.973,-23.779,0.12,0.0,10.211,8.164,metal,0.0,0.7,66.1,63.5,ok,explorando (carpet)
112,69.6,70.6,67.0,68.3,68.4,66.5,66.4,64.7,-0.095,-0.001,9.84,9.338,-457.379,-18.51,0.048,0.0,10.211,8.164,sand,0.0,0.6,64.7,66.4,ok,explorando (carpet)
113,67.7,68.8,63.5,71.9,67.9,66.4,68.0,70.9,-0.068,-0.002,9.842,7.376,-591.539,-15.405,0.027,0.0,10.211,8.164,sand,0.0,0.4,67.7,68.0,ok,explorando (carpet)
114,69.4,68.5,66.6,70.0,65.5,65.7,66.0,68.7,-0.04,-0.001,9.796,5.888,-689.961,-12.509,0.053,0.0,10.211,8.164,sand,0.0,0.2,68.7,66.0,ok,explorando (sand)
115,69.5,66.1,65.2,70.0,67.3,63.0,66.5,60.1,0.01,0.002,9.806,-0.688,111.869,34.895,0.051,0.0,10.513,7.863,sand,0.0,0.1,60.1,66.1,ok,explorando (sand)
116,67.0,70.8,70.5,71.0,65.7,70.4,64.2,72.5,0.005,0.0,9.839,-0.549,124.329,28.709,0.033,0.0,10.513,7.863,sand,0.0,0.0,67.0,64.2,ok,explorando (sand)
117,69.5,67.9,64.0,67.5,64.1,65.4,60.6,76.0,-0.001,0.0,9.801,-0.444,129.75,23.105,0.038,0.0,10.513,7.863,sand,0.0,0.0,69.5,60.6,ok,explorando (sand)
118,69.1,69.7,71.5,60.5,69.9,65.5,74.3,70.3,-0.006,0.0,9.826,-0.356,128.367,18.828,0.025,0.0,10.513,7.863,sand,0.0,0.0,69.1,69.7,ok,explorando (sand)
119,66.6,69.7,66.4,70.5,64.3,68.1,67.5,63.2,-0.011,0.0,9.819,-0.28,117.174,15.273,0.008,0.0,10.513,7.863,sand,0.0,0.1,63.2,67.5,ok,avanzando en sand a 35% slip=0.0
120,66.5,67.6,67.3,62.6,66.4,62.0,66.0,66.8,1.647,-0.0,9.732,-2.402,-6608.968,13.385,1.66,0.0691,10.582,7.932,rough,0.018,9.6,66.5,66.0,ok,avanzando en sand a 35% slip=0.0
121,68.5,64.9,62.6,66.1,73.1,65.5,64.8,66.2,0.128,0.0,9.769,-1.835,3262.34,11.763,1.519,0.0691,10.651,8.001,rough,0.018,0.8,66.2,64.8,ok,avanzando en sand a 35% slip=0.0
122,56.0,60.3,68.5,68.8,72.6,65.8,67.2,69.0,-0.018,-0.0,9.788,-1.934,3436.908,9.749,0.147,0.0691,10.72,8.07,metal,0.018,0.1,56.0,60.3,ok,avanzando en sand a 35% slip=0.0
123,66.3,69.9,66.8,67.2,66.5,70.6,67.3,70.5,0.054,-0.0,9.773,-0.172,-1703.248,7.555,0.073,0.0722,10.795,8.139,carpet,0,0.3,66.3,67.3,ok,avanzando en sand a 35% slip=0.0
124,73.5,65.3,65.2,66.7,65.7,69.2,69.2,70.0,0.046,-0.0,9.75,0.102,189.375,6.175,0.025,0.0722,10.864,8.214,carpet,0,0.3,70.0,65.3,ok,avanzando en carpet a 50% slip=0
125,66.6,68.6,68.4,71.4,63.3,68.3,68.4,70.8,0.628,-0.0,9.861,-0.032,148.48,5.138,0.592,0.1005,10.965,8.315,rough,0,3.6,66.6,68.4,ok,avanzando en carpet a 50% slip=0
126,70.8,62.1,72.8,66.7,63.9,67.9,64.0,67.6,0.031,-0.0,9.818,-0.002,221.889,4.112,0.598,0.1005,11.065,8.415,rough,0,0.2,67.6,62.1,ok,avanzando en carpet a 50% slip=0
127,67.6,67.7,66.6,63.0,63.6,63.1,65.7,71.2,0.019,-0.0,9.856,0.307,279.626,3.271,0.04,0.1005,11.166,8.516,carpet,0.0,0.1,67.6,65.7,ok,avanzando en carpet a 50% slip=0
128,72.6,62.2,65.3,66.1,67.8,66.6,66.9,61.7,0.006,-0.0,9.813,0.492,321.701,2.583,0.045,0.1005,11.266,8.616,carpet,0,0.0,61.7,62.2,ok,avanzando en carpet a 50% slip=0
129,71.0,72.9,69.9,63.5,69.7,67.4,65.9,66.7,-0.008,-0.0,9.795,0.588,343.459,1.989,0.023,0.1005,11.367,8.717,carpet,0.0,0.0,66.7,65.9,ok,avanzando en carpet a 50% slip=0.0
130,68.0,67.7,70.1,67.7,72.4,62.6,63.0,62.4,-0.023,-0.0,9.831,0.617,341.726,1.522,0.039,0.1005,11.467,8.817,carpet,0,0.1,62.4,63.0,ok,avanzando en carpet a 50% slip=0.0
131,72.7,63.2,63.6,65.6,63.5,67.3,66.3,70.9,-0.021,-0.0,9.778,0.644,-41.343,1.129,0.053,0.1005,11.568,8.918,carpet,0,0.1,70.9,63.2,ok,avanzando en carpet a 50% slip=0.0
132,64.8,71.5,64.0,65.0,69.2,69.6,67.3,67.8,-0.018,-0.0,9.799,0.558,-63.808,0.837,0.021,0.1005,11.668,9.018,carpet,0,0.1,64.8,67.3,ok,avanzando en carpet a 50% slip=0.0
133,66.1,69.0,63.8,68.2,72.9,64.1,77.3,65.6,-0.015,-0.0,9.813,0.501,-83.966,0.598,0.014,0.1005,11.769,9.119,carpet,0,0.1,65.6,69.0,ok,avanzando en carpet a 50% slip=0.0
134,65.5,70.6,68.8,63.7,67.3,71.6,71.5,73.5,-0.01,-0.0,9.807,0.441,-99.437,0.42,0.007,0.1005,11.869,9.219,carpet,0.0,0.1,65.5,70.6,ok,avanzando en carpet a 50% slip=0.0
135,66.0,65.4,65.3,66.3,64.1,65.7,69.9,69.9,-0.006,-0.0,9.821,0.377,-111.051,0.286,0.015,0.1005,11.97,9.32,carpet,0,0.0,66.0,65.4,ok,avanzando en carpet a 50% slip=0.0
136,66.2,62.0,68.4,64.6,69.5,66.5,69.9,61.8,-0.001,-0.0,9.821,0.315,-116.665,0.183,0.005,0.1005,12.07,9.42,carpet,0.0,0.0,61.8,62.0,ok,avanzando en carpet a 50% slip=0.0
137,62.6,68.3,66.7,66.7,69.1,62.0,68.5,61.7,0.004,-0.0,9.821,0.26,-115.627,0.11,0.005,0.0973,12.171,9.514,carpet,0.031,0.0,61.7,68.3,ok,avanzando en carpet a 50% slip=0.0
138,60.3,70.2,63.4,71.4,64.6,68.3,67.9,65.5,0.009,-0.0,9.854,0.211,-108.222,0.058,0.033,0.1005,12.271,9.615,carpet,0.0,0.0,60.3,67.9,ok,avanzando en carpet a 50% slip=0.0
139,70.4,70.3,69.1,76.2,67.0,69.4,64.5,69.1,0.012,-0.0,9.823,0.168,-94.83,0.022,0.031,0.1005,12.372,9.715,carpet,0,0.1,69.1,64.5,ok,avanzando en carpet a 50% slip=0
140,64.6,60.0,60.9,68.6,66.5,65.3,66.4,69.0,0.016,-0.0,9.811,0.131,-76.212,-0.001,0.013,0.1005,12.472,9.816,carpet,0,0.1,64.6,60.0,ok,avanzando en carpet a 50% slip=0
141,68.3,69.0,67.3,68.6,66.1,64.9,67.5,63.0,0.015,-0.0,9.773,0.09,6.8,-0.016,0.038,0.1005,12.573,9.916,carpet,0.0,0.1,63.0,67.5,ok,avanzando en carpet a 50% slip=0
142,65.4,68.4,62.2,63.6,65.1,69.2,67.1,60.3,0.014,-0.0,9.823,0.077,29.102,-0.025,0.05,0.1005,12.673,10.017,carpet,0,0.1,60.3,67.1,ok,avanzando en carpet a 50% slip=0
143,66.6,65.6,69.8,67.2,61.7,68.0,70.0,62.1,0.012,-0.0,9.821,0.056,49.804,-0.029,0.003,0.1005,12.774,10.117,carpet,0.0,0.1,62.1,65.6,ok,avanzando en carpet a 50% slip=0
144,62.9,67.8,69.3,67.3,70.0,60.5,63.8,63.3,0.009,-0.0,9.804,0.04,66.751,-0.03,0.018,0.1005,12.874,10.218,carpet,0,0.1,62.9,63.8,ok,avanzando en carpet a 50% slip=0
145,71.9,67.1,70.9,62.8,71.2,64.9,66.2,65.0,0.006,-0.0,9.845,0.027,80.11,-0.029,0.042,0.1005,12.974,10.318,carpet,0.0,0.0,65.0,66.2,ok,avanzando en carpet a 50% slip=0
146,62.9,65.6,65.3,65.9,64.3,63.1,70.5,69.3,0.002,0.0,9.809,0.017,88.718,-0.026,0.036,0.1005,13.075,10.419,carpet,0,0.0,62.9,65.6,ok,avanzando en carpet a 50% slip=0
147,64.4,62.1,72.5,68.0,69.4,65.2,65.6,65.9,-0.002,0.0,9.808,0.01,91.861,-0.024,0.004,0.1005,13.175,10.519,carpet,0,0.0,64.4,62.1,ok,avanzando en carpet a 50% slip=0
148,65.3,68.6,67.1,63.6,66.8,58.4,71.7,64.4,-0.005,0.0,9.803,0.005,89.565,-0.02,0.006,0.1005,13.276,10.619,carpet,0.0,0.0,64.4,68.6,ok,avanzando en carpet a 50% slip=0
149,69.1,63.8,67.0,65.8,69.9,66.4,67.5,72.9,-0.009,0.0,9.77,0.001,81.285,-0.017,0.033,0.1005,13.376,10.72,carpet,0,0.1,69.1,63.8,ok,explorando (carpet)
150,67.2,70.0,59.9,68.6,67.7,66.6,64.9,72.4,0.001,-0.015,9.818,16.45,2688.732,-28.455,0.051,0.0,13.075,11.021,sand,0.0,0.1,67.2,64.9,ok,explorando (carpet)
151,66.9,62.6,68.0,64.5,66.4,63.5,70.2,61.3,-0.112,-0.003,9.829,13.002,2677.621,-23.389,0.114,0.0,13.075,11.021,metal,0.0,0.7,61.3,62.6,ok,explorando (carpet)
152,67.8,74.0,67.4,66.1,66.9,62.7,62.6,66.4,-0.095,-0.001,9.865,9.224,-453.951,-18.221,0.039,0.0,13.075,11.021,sand,0.0,0.6,66.4,62.6,ok,explorando (carpet)
153,70.3,65.2,62.5,64.3,69.6,63.7,65.8,68.1,-0.068,-0.002,9.851,7.333,-588.618,-14.977,0.03,0.0,13.075,11.021,sand,0.0,0.4,68.1,65.2,ok,explorando (carpet)
154,67.9,63.2,65.4,67.0,67.2,66.5,67.9,68.7,-0.04,-0.001,9.808,5.846,-684.635,-12.265,0.052,0.0,13.075,11.021,sand,0.0,0.2,67.9,63.2,ok,avanzando en sand a 35% slip=0.0
155,73.4,72.4,66.6,69.0,69.6,68.2,71.6,65.4,1.653,-0.0,9.79,6.545,-7411.471,-10.679,1.692,0.0691,13.144,11.09,rough,0.018,9.6,65.4,71.6,ok,avanzando en sand a 35% slip=0.0
156,67.2,70.0,70.1,65.0,68.1,70.0,71.6,68.4,0.118,-0.001,9.764,3.995,3685.892,-9.888,1.535,0.0722,13.213,11.166,rough,0,0.7,67.2,70.0,ok,avanzando en sand a 35% slip=0.0
157,63.9,72.1,62.0,70.4,69.6,70.3,63.9,65.8,-0.045,-0.0,9.839,4.984,3849.534,-7.808,0.18,0.0691,13.282,11.235,metal,0.018,0.3,63.9,63.9,ok,avanzando en sand a 35% slip=0.0
158,63.4,63.4,69.3,68.1,69.0,62.9,71.8,69.3,0.034,-0.0,9.859,1.774,-1908.025,-6.144,0.082,0.0691,13.351,11.304,carpet,0.018,0.2,63.4,63.4,ok,avanzando en sand a 35% slip=0.0
159,66.9,68.5,65.3,70.6,71.7,67.8,62.0,66.2,0.031,-0.0,9.839,2.21,95.674,-4.977,0.021,0.0722,13.427,11.373,carpet,0,0.2,66.2,62.0,ok,avanzando en carpet a 50% slip=0
160,65.0,67.5,70.5,70.2,65.4,71.5,75.0,64.2,0.617,-0.0,9.779,1.864,73.613,-4.172,0.589,0.1005,13.527,11.474,rough,0,3.6,64.2,67.5,ok,avanzando en carpet a 50% slip=0
161,65.2,65.6,73.9,70.7,69.0,69.2,69.7,64.9,0.023,-0.0,9.79,1.489,128.174,-3.356,0.594,0.1005,13.628,11.574,rough,0.0,0.1,64.9,65.6,ok,avanzando en carpet a 50% slip=0
162,71.5,72.7,63.9,60.5,66.9,62.5,65.2,68.2,0.016,-0.0,9.786,0.925,174.699,-2.656,0.008,0.0973,13.722,11.675,carpet,0.031,0.1,68.2,65.2,ok,avanzando en carpet a 50% slip=0
163,67.7,64.0,61.2,67.1,70.9,67.4,64.2,66.2,0.007,0.0,9.8,0.526,209.586,-2.086,0.017,0.1005,13.822,11.775,carpet,0,0.0,66.2,64.0,ok,avanzando en carpet a 50% slip=0
164,69.7,64.6,65.3,68.9,68.1,66.8,63.8,63.8,-0.003,0.0,9.811,0.252,228.904,-1.616,0.014,0.1005,13.923,11.875,carpet,0,0.0,63.8,63.8,ok,explorando (carpet)
165,66.2,69.2,64.0,67.5,73.2,65.9,69.0,68.2,0.013,0.004,9.826,-5.04,75.044,85.674,0.022,0.0031,14.588,11.216,sand,0.0,0.1,66.2,69.0,ok,explorando (carpet)
166,65.1,66.8,68.6,66.5,62.0,68.5,70.4,60.7,0.008,0.001,9.769,-4.05,90.964,68.846,0.057,0.0,14.588,11.216,sand,0.0,0.0,60.7,66.8,ok,explorando (carpet)
167,69.6,62.9,70.3,65.3,63.7,67.3,77.1,73.8,0.004,0.001,9.793,-3.246,102.144,54.927,0.024,0.0,14.588,11.216,sand,0.0,0.0,69.6,62.9,ok,explorando (carpet)
168,62.3,66.9,67.5,65.8,70.2,59.6,64.4,67.9,-0.001,0.001,9.879,-2.61,106.775,44.122,0.086,0.0,14.588,11.216,sand,0.0,0.0,62.3,64.4,ok,explorando (carpet)
169,68.7,70.6,64.5,63.8,69.6,69.6,71.3,71.8,-0.005,0.001,9.791,-2.098,105.493,35.18,0.088,0.0,14.588,11.216,sand,0.0,0.0,68.7,70.6,ok,avanzando en sand a 35% slip=0.0
170,66.6,73.5,63.5,64.4,62.9,71.4,69.2,64.5,1.64,0.0,9.757,-5.911,-6570.868,29.361,1.645,0.0691,14.658,11.285,rough,0.018,9.5,64.5,69.2,ok,avanzando en sand a 35% slip=0.0
171,64.7,66.8,66.8,66.5,66.3,71.5,68.0,63.6,0.135,0.0,9.756,-4.152,3280.617,25.312,1.505,0.0691,14.727,11.354,rough,0.018,0.8,63.6,66.8,ok,avanzando en sand a 35% slip=0.0
172,70.2,68.8,64.7,59.8,69.1,69.5,72.4,64.4,-0.012,-0.0,9.841,-4.641,3477.669,19.982,0.169,0.0722,14.802,11.423,metal,0,0.1,64.4,68.8,ok,avanzando en sand a 35% slip=0.0
173,69.0,62.4,67.3,63.4,66.3,67.1,63.7,66.4,-0.156,-0.0,9.816,-2.82,3470.05,15.875,0.146,0.0691,14.871,11.492,metal,0.018,0.9,66.4,62.4,ok,avanzando en sand a 35% slip=0.0
174,64.5,62.5,70.1,65.5,67.9,64.2,67.3,68.9,-0.085,-0.0,9.79,-0.245,-1718.551,12.241,0.076,0.0722,14.94,11.568,carpet,0,0.5,64.5,62.5,ok,avanzando en carpet a 50% slip=0
175,71.3,67.6,61.5,66.5,67.6,67.9,66.7,71.6,0.701,-0.0,9.777,-0.46,-4683.414,10.087,0.786,0.1005,15.041,11.668,rough,0,4.1,71.3,66.7,ok,avanzando en carpet a 50% slip=0
176,71.2,62.6,68.0,73.9,58.5,67.5,68.8,69.3,0.015,-0.0,9.805,-0.153,2323.892,8.573,0.687,0.1005,15.141,11.769,rough,0,0.1,69.3,62.6,ok,avanzando en carpet a 50% slip=0
177,64.3,70.7,71.9,67.8,69.1,69.1,66.0,71.0,-0.084,-0.0,9.832,0.35,2348.264,6.768,0.102,0.1005,15.242,11.869,metal,0.0,0.5,64.3,66.0,ok,avanzando en carpet a 50% slip=0
178,62.5,69.4,69.8,61.2,62.8,73.0,69.4,59.4,-0.071,-0.0,9.864,1.177,-326.503,5.151,0.034,0.1005,15.342,11.97,carpet,0,0.4,59.4,69.4,ok,avanzando en carpet a 50% slip=0
179,66.7,69.6,66.5,66.2,71.7,65.8,71.3,66.7,-0.053,-0.0,9.85,1.06,-412.991,3.986,0.022,0.1005,15.443,12.07,carpet,0.0,0.3,66.7,69.6,ok,avanzando en carpet a 50% slip=0.0
180,68.1,67.3,67.2,66.0,72.5,66.2,62.4,70.8,-0.033,-0.0,9.782,1.126,-475.735,3.064,0.071,0.1005,15.543,12.171,carpet,0,0.2,68.1,62.4,ok,avanzando en carpet a 50% slip=0.0
181,64.7,70.5,61.5,74.2,65.2,66.5,68.1,64.4,-0.012,-0.0,9.771,1.124,-513.626,2.339,0.024,0.1005,15.643,12.271,carpet,0,0.1,64.4,68.1,ok,avanzando en carpet a 50% slip=0.0
182,66.5,70.8,68.1,66.0,64.5,60.9,67.5,67.2,0.01,-0.0,9.822,1.052,-519.068,1.818,0.055,0.1005,15.744,12.372,carpet,0,0.1,66.5,67.5,ok,avanzando en carpet a 50% slip=0.0
183,68.0,62.1,60.1,72.6,64.8,67.6,62.4,66.6,0.031,-0.0,9.8,0.954,-499.899,1.405,0.03,0.1005,15.844,12.472,carpet,0,0.2,66.6,62.1,ok,avanzando en carpet a 50% slip=0.0
184,61.0,67.6,67.2,68.5,71.3,71.7,72.4,72.0,0.028,-0.0,9.792,0.836,80.86,1.078,0.01,0.1005,15.945,12.573,carpet,0.0,0.2,61.0,67.6,ok,avanzando en carpet a 50% slip=0.0
185,70.7,65.7,63.8,69.7,67.2,70.8,65.2,64.9,0.023,-0.0,9.809,0.722,124.253,0.777,0.018,0.0973,16.045,12.667,carpet,0.031,0.1,64.9,65.2,ok,avanzando en carpet a 50% slip=0.0
186,66.8,69.9,68.4,67.7,63.9,69.0,67.6,64.2,0.016,-0.0,9.815,0.608,160.477,0.545,0.009,0.1005,16.146,12.767,carpet,0.0,0.1,64.2,67.6,ok,avanzando en carpet a 50% slip=0.0
187,67.6,69.7,64.3,64.9,62.6,67.7,68.5,68.3,0.008,-0.0,9.865,0.501,185.384,0.354,0.051,0.1005,16.246,12.868,carpet,0,0.0,67.6,68.5,ok,avanzando en carpet a 50% slip=0.0
188,70.2,66.1,68.2,68.7,68.1,62.1,63.8,63.5,-0.0,-0.0,9.805,0.407,199.119,0.201,0.06,0.1005,16.347,12.968,carpet,0,0.0,63.5,63.8,ok,avanzando en carpet a 50% slip=0.0
189,72.3,68.5,66.5,66.1,70.3,68.5,60.5,63.7,-0.009,-0.0,9.787,0.323,200.346,0.079,0.021,0.1005,16.447,13.069,carpet,0,0.1,63.7,60.5,ok,avanzando en carpet a 50% slip=0
190,56.4,70.8,69.7,67.0,69.3,63.0,64.5,63.4,-0.017,-0.0,9.779,0.251,189.118,0.014,0.011,0.1005,16.548,13.169,carpet,0.0,0.1,56.4,64.5,ok,avanzando en carpet a 50% slip=0
191,64.5,70.4,69.5,59.6,64.2,66.9,67.9,61.4,-0.016,-0.0,9.856,0.171,-11.065,-0.027,0.078,0.1005,16.648,13.27,carpet,0,0.1,61.4,67.9,ok,avanzando en carpet a 50% slip=0
192,67.4,64.7,63.9,62.8,71.3,67.2,72.5,68.2,-0.015,-0.0,9.777,0.147,-33.47,-0.043,0.08,0.1005,16.749,13.37,carpet,0,0.1,67.4,64.7,ok,avanzando en carpet a 50% slip=0
193,64.4,67.2,66.0,69.8,63.7,73.9,68.5,65.7,-0.012,-0.0,9.902,0.107,-53.924,-0.052,0.126,0.1005,16.849,13.471,metal,0.0,0.1,64.4,67.2,ok,avanzando en carpet a 50% slip=0
194,67.0,66.2,68.7,73.4,70.1,61.8,63.6,63.7,-0.009,-0.0,9.818,0.075,-71.455,-0.055,0.085,0.1005,16.95,13.571,carpet,0,0.1,63.7,63.6,ok,avanzando en carpet a 50% slip=0
195,69.3,65.0,66.1,64.2,75.0,60.5,65.3,67.2,-0.006,-0.0,9.779,0.05,-84.486,-0.054,0.039,0.1005,17.05,13.672,carpet,0,0.0,67.2,65.0,ok,avanzando en carpet a 50% slip=0
196,65.5,67.1,63.7,66.4,69.9,71.8,69.5,66.4,-0.002,0.0,9.79,0.032,-93.48,-0.05,0.012,0.1005,17.151,13.772,carpet,0,0.0,65.5,67.1,ok,avanzando en carpet a 50% slip=0
197,69.7,66.1,66.5,66.5,65.6,67.1,75.9,65.0,0.002,0.0,9.769,0.018,-96.164,-0.044,0.022,0.1005,17.251,13.873,carpet,0.0,0.0,65.0,66.1,ok,avanzando en carpet a 50% slip=0
198,69.7,66.6,67.2,69.9,65.3,62.6,69.4,67.1,0.006,0.0,9.805,0.008,-92.776,-0.039,0.036,0.1005,17.352,13.973,carpet,0,0.0,67.1,66.6,ok,avanzando en carpet a 50% slip=0
199,66.0,69.9,68.7,68.6,64.5,69.6,69.7,60.2,0.009,0.0,9.829,0.001,-84.892,-0.033,0.025,0.1005,17.452,14.073,carpet,0,0.1,60.2,69.7,ok,claude:carpet
200,71.6,66.9,65.4,66.8,70.2,68.2,60.6,63.1,0.012,0.0,9.851,-0.004,-71.314,-0.027,0.022,0.1005,17.553,14.174,carpet,0.0,0.1,63.1,60.6,ok,claude:carpet
201,68.8,66.9,68.3,70.4,71.1,70.0,68.7,67.1,0.015,0.0,9.847,-0.007,-53.596,-0.022,0.005,0.1005,17.653,14.274,carpet,0,0.1,67.1,66.9,ok,claude:carpet
202,61.2,62.0,62.0,64.4,71.1,65.4,66.1,70.2,0.015,0.0,9.77,-0.011,2.176,-0.017,0.077,0.1005,17.754,14.375,carpet,0,0.1,61.2,62.0,ok,claude:carpet
203,68.1,64.6,64.1,75.2,67.5,69.0,69.8,65.9,0.014,0.0,9.803,-0.009,22.892,-0.014,0.033,0.1005,17.854,14.475,carpet,0,0.1,65.9,64.6,ok,claude:carpet
204,69.5,66.8,66.0,60.5,68.9,68.2,64.9,63.1,0.012,0.0,9.813,-0.009,42.166,-0.01,0.01,0.1005,17.955,14.576,carpet,0.0,0.1,63.1,64.9,ok,avanzando en carpet a 50% slip=0.0
205,60.8,67.6,66.9,71.8,67.4,64.5,75.7,68.8,0.009,0.0,9.798,-0.009,59.397,-0.008,0.016,0.1005,18.055,14.676,carpet,0,0.1,60.8,67.6,ok,avanzando en carpet a 50% slip=0.0
206,62.6,61.0,67.9,61.4,65.4,70.0,64.2,67.7,0.006,0.0,9.816,-0.008,72.819,-0.005,0.018,0.1005,18.155,14.777,carpet,0,0.0,62.6,61.0,ok,avanzando en carpet a 50% slip=0.0
207,63.9,61.9,66.6,69.4,73.3,69.5,72.3,72.8,0.003,0.0,9.812,-0.007,81.267,-0.004,0.005,0.1005,18.256,14.877,carpet,0,0.0,63.9,61.9,ok,avanzando en carpet a 50% slip=0.0
208,64.2,71.8,67.4,63.5,67.3,72.0,71.2,62.5,-0.001,0.0,9.844,-0.006,85.402,-0.002,0.032,0.1005,18.356,14.978,carpet,0.0,0.0,62.5,71.2,ok,avanzando en carpet a 50% slip=0.0
209,69.9,63.8,72.1,70.5,67.6,66.2,67.1,60.5,-0.004,0.0,9.811,-0.005,84.483,-0.001,0.033,0.1005,18.457,15.078,carpet,0,0.0,60.5,63.8,ok,avanzando en carpet a 50% slip=0
210,63.5,67.7,66.4,72.2,71.2,71.0,63.7,66.1,-0.008,0.0,9.809,-0.005,78.475,-0.001,0.004,0.0973,18.551,15.179,carpet,0.031,0.0,63.5,63.7,ok,avanzando en carpet a 50% slip=0
211,64.7,64.3,64.8,63.7,68.8,63.6,68.5,70.1,-0.01,0.0,9.82,-0.004,67.863,-0.0,0.012,0.1005,18.652,15.279,carpet,0.0,0.1,64.7,64.3,ok,avanzando en carpet a 50% slip=0
212,67.8,66.9,69.8,62.7,66.9,65.0,72.8,65.4,-0.013,0.0,9.782,-0.003,53.227,0.0,0.038,0.1005,18.752,15.38,carpet,0,0.1,65.4,66.9,ok,avanzando en carpet a 50% slip=0
213,72.0,66.2,66.5,65.9,66.4,75.0,71.0,63.4,-0.014,0.0,9.817,-0.003,35.169,0.0,0.035,0.1005,18.853,15.48,carpet,0,0.1,63.4,66.2,ok,avanzando en carpet a 50% slip=0
214,63.3,65.5,65.8,62.9,67.7,69.8,72.4,73.9,-0.015,0.0,9.782,-0.002,15.245,0.001,0.036,0.1005,18.953,15.581,carpet,0,0.1,63.3,65.5,ok,avanzando en carpet a 50% slip=0
215,63.7,65.2,63.9,64.6,69.4,68.2,59.6,65.5,-0.014,0.0,9.836,-0.002,-5.754,0.001,0.054,0.1005,19.054,15.681,carpet,0.0,0.1,63.7,59.6,ok,avanzando en carpet a 50% slip=0
216,67.6,70.0,74.2,68.5,68.8,65.0,65.7,66.2,-0.013,0.0,9.811,-0.001,-26.51,0.001,0.025,0.1005,19.154,15.782,carpet,0,0.1,66.2,65.7,ok,avanzando en carpet a 50% slip=0
217,62.5,70.9,66.1,70.0,66.1,66.9,67.7,60.6,-0.011,0.0,9.854,-0.001,-45.592,0.001,0.043,0.1005,19.254,15.882,carpet,0,0.1,60.6,67.7,ok,avanzando en carpet a 50% slip=0
218,65.0,63.3,65.9,67.3,66.6,63.3,66.1,68.0,-0.009,0.0,9.82,-0.001,-61.504,0.001,0.034,0.1005,19.355,15.983,carpet,0.0,0.1,65.0,63.3,ok,avanzando en carpet a 50% slip=0
219,63.6,64.8,67.8,63.9,73.2,65.8,64.3,65.6,-0.006,0.0,9.779,-0.001,-74.4,0.001,0.041,0.1005,19.455,16.083,carpet,0,0.0,63.6,64.3,ok,avanzando en carpet a 50% slip=0
220,65.2,62.7,72.2,66.8,68.5,65.9,72.0,64.9,-0.002,0.0,9.816,-0.0,-82.553,0.0,0.037,0.1005,19.556,16.184,carpet,0,0.0,64.9,62.7,ok,avanzando en carpet a 50% slip=0
221,67.1,64.0,66.8,68.0,73.5,68.1,66.3,68.4,0.001,0.0,9.796,-0.0,-86.182,0.0,0.021,0.1005,19.656,16.284,carpet,0,0.0,67.1,64.0,ok,avanzando en carpet a 50% slip=0
222,66.3,64.1,65.2,68.8,68.3,70.4,68.7,63.6,0.005,0.0,9.783,-0.0,-83.853,0.0,0.013,0.1005,19.757,16.385,carpet,0.0,0.0,63.6,64.1,ok,avanzando en carpet a 50% slip=0
223,67.8,63.2,66.9,70.3,75.2,65.8,62.8,63.5,0.008,0.0,9.834,-0.0,-77.134,0.0,0.051,0.1005,19.857,16.485,carpet,0,0.0,63.5,62.8,ok,avanzando en carpet a 50% slip=0
224,63.7,66.1,63.7,66.2,65.1,66.3,67.9,77.6,0.011,-0.0,9.791,-0.0,-65.515,0.0,0.043,0.1005,19.958,16.585,carpet,0,0.1,63.7,66.1,ok,avanzando en carpet a 50% slip=0
225,67.3,66.3,66.6,63.3,64.7,67.3,65.9,70.5,0.013,-0.0,9.826,-0.0,-50.216,0.0,0.035,0.1005,20.058,16.686,carpet,0.0,0.1,67.3,65.9,ok,avanzando en carpet a 50% slip=0
226,69.8,65.8,66.1,67.8,66.3,69.2,73.2,69.3,0.014,-0.0,9.824,-0.0,-31.941,0.0,0.003,0.1005,20.159,16.786,carpet,0.0,0.1,69.3,65.8,ok,avanzando en carpet a 50% slip=0
227,62.6,67.2,69.3,65.1,73.5,71.6,65.1,74.3,0.014,-0.0,9.809,0.0,0.18,0.0,0.015,0.1005,20.259,16.887,carpet,0,0.1,62.6,65.1,ok,avanzando en carpet a 50% slip=0
228,66.1,67.6,73.7,68.4,64.5,65.0,72.0,69.3,0.013,-0.0,9.812,0.0,20.354,0.0,0.003,0.1005,20.36,16.987,carpet,0,0.1,66.1,67.6,ok,avanzando en carpet a 50% slip=0
229,72.2,67.0,66.9,65.7,68.0,69.4,67.9,59.6,0.012,-0.0,9.817,0.0,39.437,0.0,0.005,0.1005,20.46,17.088,carpet,0.0,0.1,59.6,67.0,ok,avanzando en carpet a 50% slip=0.0
230,67.3,70.2,66.6,65.6,66.3,62.1,62.9,69.6,0.009,-0.0,9.774,0.0,55.975,0.0,0.043,0.1005,20.561,17.188,carpet,0,0.1,67.3,62.9,ok,avanzando en carpet a 50% slip=0.0
231,68.4,67.3,66.7,67.5,60.2,66.4,69.5,65.8,0.006,-0.0,9.784,0.0,69.592,0.0,0.01,0.1005,20.661,17.289,carpet,0,0.0,65.8,67.3,ok,avanzando en carpet a 50% slip=0.0
232,68.9,66.1,73.1,70.1,71.2,74.3,67.5,74.9,0.003,-0.0,9.848,0.0,78.891,0.0,0.065,0.1005,20.762,17.389,carpet,0.0,0.0,68.9,66.1,ok,avanzando en carpet a 50% slip=0.0
233,66.7,67.8,66.8,69.1,64.8,60.4,62.8,64.5,-0.0,-0.0,9.819,0.0,83.295,0.0,0.03,0.1005,20.862,17.49,carpet,0.0,0.0,64.5,62.8,ok,avanzando en carpet a 50% slip=0.0
234,64.3,65.7,66.6,65.1,71.5,70.4,66.1,63.0,-0.004,-0.0,9.808,0.0,82.746,0.0,0.012,0.1005,20.963,17.59,carpet,0,0.0,63.0,65.7,ok,avanzando en carpet a 50% slip=0
235,68.7,62.4,72.2,67.4,68.2,63.0,62.6,69.0,-0.007,-0.0,9.805,0.0,77.685,0.0,0.004,0.1005,21.063,17.691,carpet,0,0.0,68.7,62.4,ok,avanzando en carpet a 50% slip=0
236,69.9,65.6,67.9,66.3,66.5,65.6,67.8,66.6,-0.01,-0.0,9.802,0.0,67.207,0.0,0.004,0.1005,21.164,17.791,carpet,0.0,0.1,66.6,65.6,ok,avanzando en carpet a 50% slip=0
237,67.4,68.3,64.8,63.8,68.9,67.9,63.9,68.4,-0.012,-0.0,9.835,0.0,53.331,0.0,0.033,0.1005,21.264,17.892,carpet,0,0.1,67.4,63.9,ok,avanzando en carpet a 50% slip=0
238,66.6,69.7,66.6,61.2,67.9,68.4,66.1,64.5,-0.014,-0.0,9.799,0.0,35.943,0.0,0.036,0.1005,21.365,17.992,carpet,0,0.1,64.5,66.1,ok,avanzando en carpet a 50% slip=0
239,69.6,61.6,64.4,68.2,66.7,70.2,63.4,70.9,-0.014,-0.0,9.81,0.0,16.669,0.0,0.011,0.1005,21.465,18.093,carpet,0.0,0.1,69.6,61.6,ok,avanzando en carpet a 50% slip=0.0
240,67.1,72.5,63.8,63.0,66.3,66.8,68.1,62.2,-0.014,-0.0,9.848,0.0,-3.783,0.0,0.039,0.1005,21.566,18.193,carpet,0.0,0.1,62.2,68.1,ok,avanzando en carpet a 50% slip=0.0
241,65.3,72.9,70.3,66.3,68.4,64.8,60.1,65.0,-0.013,-0.0,9.8,0.0,-23.894,-0.0,0.048,0.1005,21.666,18.294,carpet,0,0.1,65.0,60.1,ok,avanzando en carpet a 50% slip=0.0
242,75.1,69.9,63.6,65.5,62.5,68.5,67.5,69.0,-0.011,-0.0,9.811,0.0,-42.366,-0.0,0.011,0.1005,21.766,18.394,carpet,0,0.1,69.0,67.5,ok,avanzando en carpet a 50% slip=0.0
243,71.2,68.2,71.0,67.4,60.4,76.7,67.7,68.7,-0.009,-0.0,9.818,0.0,-58.844,-0.0,0.008,0.1005,21.867,18.495,carpet,0.0,0.1,68.7,67.7,ok,avanzando en carpet a 50% slip=0.0
244,68.4,65.2,70.3,64.9,76.5,69.6,65.8,68.1,-0.006,-0.0,9.824,0.0,-71.621,-0.0,0.007,0.1005,21.967,18.595,carpet,0,0.0,68.1,65.2,ok,avanzando en carpet a 50% slip=0
245,66.8,61.7,62.8,60.5,65.9,69.7,65.6,71.0,-0.003,0.0,9.786,0.0,-79.883,-0.0,0.039,0.1005,22.068,18.696,carpet,0,0.0,66.8,61.7,ok,avanzando en carpet a 50% slip=0
246,70.1,65.0,70.6,69.3,73.3,61.6,69.6,67.8,0.001,0.0,9.831,0.0,-83.727,-0.0,0.045,0.1005,22.168,18.796,carpet,0.0,0.0,67.8,65.0,ok,avanzando en carpet a 50% slip=0
247,68.8,68.1,68.6,59.1,69.3,66.9,64.6,66.3,0.004,0.0,9.851,0.0,-81.875,-0.0,0.02,0.1005,22.269,18.897,carpet,0.0,0.0,66.3,64.6,ok,avanzando en carpet a 50% slip=0
248,65.0,64.8,68.9,66.7,65.2,70.8,68.5,64.1,0.008,0.0,9.867,0.0,-75.524,-0.0,0.016,0.1005,22.369,18.997,carpet,0,0.0,64.1,64.8,ok,avanzando en carpet a 50% slip=0
249,65.2,67.9,69.9,67.8,64.4,64.3,65.2,64.6,0.01,0.0,9.784,0.0,-64.74,-0.0,0.083,0.1005,22.47,19.097,carpet,0,0.1,64.6,65.2,ok,avanzando en carpet a 50% slip=0
250,69.3,63.0,68.0,66.8,65.4,69.0,70.3,58.6,0.012,0.0,9.809,0.0,-49.977,-0.0,0.025,0.1005,22.57,19.198,carpet,0.0,0.1,58.6,63.0,ok,avanzando en carpet a 50% slip=0
251,65.8,65.7,72.2,66.8,63.9,65.9,61.1,68.5,0.014,0.0,9.842,0.0,-32.601,-0.0,0.033,0.1005,22.671,19.298,carpet,0,0.1,65.8,61.1,ok,avanzando en carpet a 50% slip=0
252,68.6,65.5,65.1,66.9,62.2,72.0,68.2,65.3,0.014,0.0,9.812,0.0,-13.013,-0.0,0.031,0.1005,22.771,19.399,carpet,0,0.1,65.3,65.5,ok,avanzando en carpet a 50% slip=0
253,71.4,72.7,71.0,72.3,68.8,66.5,73.0,65.3,0.014,0.0,9.816,0.0,7.345,-0.0,0.005,0.1005,22.872,19.499,carpet,0.0,0.1,65.3,72.7,ok,avanzando en carpet a 50% slip=0
254,66.1,65.0,68.1,69.7,70.6,64.3,64.0,67.6,0.013,0.0,9.85,0.0,27.278,-0.0,0.034,0.1005,22.972,19.6,carpet,0.0,0.1,66.1,64.0,ok,avanzando en carpet a 50% slip=0.0
255,72.6,64.6,72.7,72.5,66.2,65.9,72.7,67.4,0.011,0.0,9.747,0.0,45.522,-0.0,0.102,0.1005,23.073,19.7,metal,0,0.1,67.4,64.6,ok,avanzando en carpet a 50% slip=0.0
256,73.8,64.5,69.4,70.9,69.0,62.3,71.5,66.2,0.008,0.0,9.758,0.0,61.292,-0.0,0.011,0.1005,23.173,19.801,carpet,0,0.0,66.2,64.5,ok,avanzando en carpet a 50% slip=0.0
257,69.9,71.2,66.1,70.4,67.6,66.7,65.0,65.6,0.005,0.0,9.768,0.0,73.05,-0.0,0.011,0.1005,23.274,19.901,carpet,0.0,0.0,65.6,65.0,ok,avanzando en carpet a 50% slip=0.0
258,65.4,71.6,67.9,68.7,66.5,66.4,67.3,63.0,0.002,0.0,9.81,0.0,80.98,-0.0,0.042,0.1005,23.374,20.002,carpet,0,0.0,63.0,67.3,ok,avanzando en carpet a 50% slip=0.0
259,66.0,66.5,60.0,69.5,73.4,69.3,72.4,64.7,-0.002,0.0,9.812,0.0,83.443,-0.0,0.004,0.0973,23.475,20.096,carpet,0.031,0.0,64.7,66.5,ok,avanzando en carpet a 50% slip=0.031
260,71.3,57.5,66.6,66.0,66.2,69.7,64.2,66.6,-0.005,0.0,9.788,0.0,81.213,-0.0,0.024,0.1005,23.575,20.196,carpet,0.0,0.0,66.6,57.5,ok,avanzando en carpet a 50% slip=0.031
261,71.2,69.7,68.4,62.9,69.1,67.5,71.0,66.2,-0.008,0.0,9.855,-0.0,74.205,-0.0,0.067,0.1005,23.676,20.297,carpet,0.0,0.0,66.2,69.7,ok,avanzando en carpet a 50% slip=0.031
262,61.9,74.7,65.5,70.0,67.5,63.6,66.3,64.8,-0.011,0.0,9.768,-0.0,63.217,-0.0,0.087,0.1005,23.776,20.397,carpet,0,0.1,61.9,66.3,ok,avanzando en carpet a 50% slip=0.031
263,67.9,65.8,67.4,66.1,67.6,65.0,69.6,67.2,-0.013,0.0,9.81,-0.0,47.531,-0.0,0.043,0.1005,23.877,20.498,carpet,0,0.1,67.2,65.8,ok,avanzando en carpet a 50% slip=0.031
264,71.9,68.2,63.7,70.7,67.2,65.4,70.9,63.6,-0.014,0.0,9.842,-0.0,29.333,-0.0,0.032,0.1005,23.977,20.598,carpet,0.0,0.1,63.6,68.2,ok,avanzando en carpet a 50% slip=0.0
265,64.9,65.7,68.4,70.6,73.2,66.4,60.9,62.4,-0.014,0.0,9.807,-0.0,9.485,-0.0,0.035,0.1005,24.078,20.699,carpet,0.0,0.1,62.4,60.9,ok,avanzando en carpet a 50% slip=0.0
266,68.7,68.3,62.3,63.8,63.5,68.3,68.9,67.8,-0.014,0.0,9.787,-0.0,-10.922,-0.0,0.02,0.1005,24.178,20.799,carpet,0,0.1,67.8,68.3,ok,avanzando en carpet a 50% slip=0.0
267,69.4,63.8,65.0,67.5,64.9,69.6,65.5,66.8,-0.013,0.0,9.807,-0.0,-30.633,-0.0,0.02,0.1005,24.278,20.9,carpet,0.0,0.1,66.8,63.8,ok,avanzando en carpet a 50% slip=0.0
268,68.9,66.9,64.6,73.0,70.2,64.9,71.4,67.2,-0.01,0.0,9.844,-0.0,-48.748,-0.0,0.038,0.1005,24.379,21.0,carpet,0.0,0.1,67.2,66.9,ok,avanzando en carpet a 50% slip=0.0
269,66.1,67.9,74.6,72.1,65.6,67.2,66.2,67.7,-0.008,0.0,9.813,-0.0,-63.838,-0.0,0.031,0.1005,24.479,21.101,carpet,0,0.0,66.1,66.2,ok,avanzando en carpet a 50% slip=0
270,69.6,64.3,65.8,65.8,69.0,68.2,61.7,67.3,-0.005,0.0,9.788,-0.0,-74.68,-0.0,0.025,0.1005,24.58,21.201,carpet,0,0.0,67.3,61.7,ok,avanzando en carpet a 50% slip=0
271,64.4,68.1,66.7,65.7,64.7,72.0,63.1,70.5,-0.001,0.0,9.8,-0.0,-81.671,-0.0,0.012,0.1005,24.68,21.302,carpet,0.0,0.0,64.4,63.1,ok,avanzando en carpet a 50% slip=0
272,67.3,63.4,63.7,59.6,64.8,68.9,62.4,62.9,0.002,0.0,9.807,-0.0,-83.789,-0.0,0.008,0.1005,24.781,21.402,carpet,0.0,0.0,62.9,62.4,ok,avanzando en carpet a 50% slip=0
273,66.2,67.7,63.4,70.6,71.9,70.2,64.8,75.2,0.006,0.0,9.792,-0.0,-80.395,0.0,0.015,0.1005,24.881,21.503,carpet,0,0.0,66.2,64.8,ok,avanzando en carpet a 50% slip=0
274,64.5,63.5,68.0,66.7,64.2,67.2,70.2,69.1,0.009,0.0,9.83,-0.0,-72.628,0.0,0.038,0.1005,24.982,21.603,carpet,0.0,0.0,64.5,63.5,ok,avanzando en carpet a 50% slip=0.0
275,67.2,66.1,65.8,67.5,68.9,67.6,67.0,71.3,0.011,0.0,9.848,-0.0,-60.307,0.0,0.018,0.1005,25.082,21.704,carpet,0.0,0.1,67.2,66.1,ok,avanzando en carpet a 50% slip=0.0
276,69.0,64.3,66.9,71.1,66.1,69.4,61.3,70.3,0.013,-0.0,9.784,-0.0,-44.485,0.0,0.063,0.1005,25.183,21.804,carpet,0,0.1,69.0,61.3,ok,avanzando en carpet a 50% slip=0.0
277,65.1,65.6,63.8,67.7,65.5,70.5,73.8,74.4,0.014,-0.0,9.776,-0.0,-26.083,0.0,0.008,0.1005,25.283,21.905,carpet,0,0.1,65.1,65.6,ok,avanzando en carpet a 50% slip=0.0
278,69.2,62.7,66.6,70.2,66.4,68.4,67.6,62.9,0.014,-0.0,9.872,-0.0,-5.927,0.0,0.096,0.1005,25.384,22.005,carpet,0.0,0.1,62.9,62.7,ok,avanzando en carpet a 50% slip=0.0
279,66.3,68.8,70.9,66.2,65.8,66.8,64.6,65.9,0.014,-0.0,9.805,-0.0,14.419,0.0,0.067,0.1005,25.484,22.106,carpet,0.0,0.1,65.9,64.6,ok,avanzando en carpet a 50% slip=0.0
280,62.2,65.2,71.4,64.4,71.3,69.7,70.2,63.9,0.012,-0.0,9.829,-0.0,33.89,0.0,0.024,0.1005,25.585,22.206,carpet,0,0.1,62.2,65.2,ok,avanzando en carpet a 50% slip=0.0
281,63.6,64.1,67.5,65.5,64.4,62.8,59.7,68.0,0.01,-0.0,9.807,-0.0,51.793,0.0,0.022,0.1005,25.685,22.307,carpet,0.0,0.1,63.6,59.7,ok,avanzando en carpet a 50% slip=0.0
282,61.9,62.6,69.0,75.6,65.6,68.6,71.6,69.0,0.007,-0.0,9.766,-0.0,65.762,0.0,0.042,0.1005,25.786,22.407,carpet,0.0,0.0,61.9,62.6,ok,avanzando en carpet a 50% slip=0.0
283,67.8,68.9,68.2,65.1,69.7,65.8,68.8,69.4,0.004,-0.0,9.808,-0.0,76.438,0.0,0.042,0.1005,25.886,22.508,carpet,0,0.0,67.8,68.8,ok,avanzando en carpet a 50% slip=0.0
284,66.3,67.6,69.2,66.8,66.3,68.9,69.4,66.8,0.001,-0.0,9.826,-0.0,82.144,0.0,0.018,0.1005,25.987,22.608,carpet,0,0.0,66.3,67.6,ok,avanzando en carpet a 50% slip=0
285,64.4,64.6,62.4,64.5,66.7,69.0,71.0,68.6,-0.003,-0.0,9.82,-0.0,83.475,0.0,0.007,0.0973,26.081,22.708,carpet,0.031,0.0,64.4,64.6,ok,avanzando en carpet a 50% slip=0
286,65.8,64.7,68.9,68.6,60.9,65.6,68.4,72.2,-0.006,-0.0,9.807,-0.0,79.715,0.0,0.013,0.1005,26.181,22.809,carpet,0.0,0.0,65.8,64.7,ok,avanzando en carpet a 50% slip=0
287,61.8,62.6,65.5,71.6,60.4,61.5,65.0,64.9,-0.009,-0.0,9.825,-0.0,70.88,0.0,0.018,0.1005,26.282,22.909,carpet,0,0.1,61.8,62.6,ok,avanzando en carpet a 50% slip=0
288,67.6,66.9,65.4,65.2,62.5,63.4,68.6,61.1,-0.011,-0.0,9.811,-0.0,57.834,0.0,0.014,0.1005,26.382,23.01,carpet,0,0.1,61.1,66.9,ok,avanzando en carpet a 50% slip=0
289,65.3,70.2,65.1,67.9,67.1,65.0,63.6,67.4,-0.013,-0.0,9.8,-0.0,41.26,0.0,0.012,0.1005,26.483,23.11,carpet,0.0,0.1,65.3,63.6,ok,avanzando en carpet a 50% slip=0.0
290,63.5,69.4,62.5,71.0,65.5,65.6,69.7,68.8,-0.014,-0.0,9.821,-0.0,22.572,0.0,0.021,0.1005,26.583,23.211,carpet,0,0.1,63.5,69.4,ok,avanzando en carpet a 50% slip=0.0
291,66.6,73.6,67.7,67.2,67.3,63.0,66.9,59.2,-0.014,-0.0,9.796,-0.0,2.356,0.0,0.025,0.1005,26.684,23.311,carpet,0,0.1,59.2,66.9,ok,avanzando en carpet a 50% slip=0.0
292,68.8,71.5,66.5,67.3,68.3,71.1,63.4,70.7,-0.013,-0.0,9.807,0.0,-17.96,0.0,0.011,0.1005,26.784,23.412,carpet,0.0,0.1,68.8,63.4,ok,avanzando en carpet a 50% slip=0.0
293,63.8,67.8,68.1,65.8,68.9,66.4,64.1,68.3,-0.012,-0.0,9.802,0.0,-37.054,0.0,0.005,0.1005,26.885,23.512,carpet,0.0,0.1,63.8,64.1,ok,avanzando en carpet a 50% slip=0.0
294,63.9,68.4,64.7,68.9,68.7,64.4,68.8,65.2,-0.01,-0.0,9.82,0.0,-54.404,0.0,0.018,0.1005,26.985,23.613,carpet,0,0.1,63.9,68.4,ok,avanzando en carpet a 50% slip=0
295,63.8,61.2,67.5,66.8,65.4,64.7,61.3,57.7,-0.007,-0.0,9.795,0.0,-68.322,0.0,0.025,0.1005,27.086,23.713,carpet,0,0.0,57.7,61.2,ok,avanzando en carpet a 50% slip=0
296,66.0,66.6,67.8,71.2,67.1,68.6,63.6,66.1,-0.004,-0.0,9.809,0.0,-77.46,0.0,0.014,0.1005,27.186,23.814,carpet,0.0,0.0,66.0,63.6,ok,avanzando en carpet a 50% slip=0
297,66.4,73.3,64.4,71.9,72.0,71.6,60.5,73.9,-0.0,-0.0,9.819,0.0,-82.758,0.0,0.011,0.1005,27.287,23.914,carpet,0,0.0,66.4,60.5,ok,avanzando en carpet a 50% slip=0
298,68.1,66.4,72.6,70.4,72.7,68.1,69.7,72.0,0.003,-0.0,9.796,0.0,-83.046,0.0,0.023,0.1005,27.387,24.015,carpet,0,0.0,68.1,66.4,ok,avanzando en carpet a 50% slip=0
299,67.2,67.7,67.3,64.6,60.1,70.7,71.9,70.7,0.007,-0.0,9.817,0.0,-78.698,0.0,0.021,0.1005,27.488,24.115,carpet,0.0,0.0,67.2,67.7,ok,claude:carpet
300,72.2,67.9,63.4,70.5,68.2,67.7,62.8,60.8,0.009,-0.0,9.797,0.0,-68.642,0.0,0.02,0.1005,27.588,24.216,carpet,0.0,0.1,60.8,62.8,ok,claude:carpet
301,64.6,70.2,67.0,64.5,65.8,59.3,67.8,69.2,0.012,-0.0,9.777,0.0,-55.333,0.0,0.021,0.1005,27.689,24.316,carpet,0,0.1,64.6,67.8,ok,claude:carpet
302,63.1,67.4,64.8,66.3,64.0,67.1,71.3,73.6,0.013,-0.0,9.807,0.0,-38.166,0.0,0.031,0.1005,27.789,24.417,carpet,0,0.1,63.1,67.4,ok,claude:carpet
303,65.7,67.3,76.4,68.0,69.5,68.9,66.9,69.6,0.014,-0.0,9.84,0.0,-19.016,0.0,0.033,0.1005,27.889,24.517,carpet,0.0,0.1,65.7,66.9,ok,claude:carpet
304,69.0,64.7,66.5,67.8,69.5,65.1,64.8,69.4,0.014,-0.0,9.83,0.0,1.231,-0.0,0.01,0.1005,27.99,24.618,carpet,0,0.1,69.0,64.7,ok,avanzando en carpet a 50% slip=0
305,67.6,69.2,67.4,68.9,71.3,67.0,63.6,71.6,0.013,-0.0,9.822,0.0,21.429,-0.0,0.008,0.1005,28.09,24.718,carpet,0,0.1,67.6,63.6,ok,avanzando en carpet a 50% slip=0
306,70.3,68.2,65.8,67.7,62.6,65.8,63.3,71.1,0.012,-0.0,9.804,0.0,40.784,-0.0,0.018,0.1005,28.191,24.819,carpet,0.0,0.1,70.3,63.3,ok,avanzando en carpet a 50% slip=0
307,65.1,69.9,63.3,65.4,68.3,61.6,68.4,63.9,0.009,-0.0,9.791,0.0,56.968,-0.0,0.013,0.1005,28.291,24.919,carpet,0.0,0.1,63.9,68.4,ok,avanzando en carpet a 50% slip=0
308,67.2,72.9,71.0,73.5,61.2,68.2,64.1,70.8,0.006,0.0,9.847,0.0,69.866,-0.0,0.056,0.1005,28.392,25.02,carpet,0,0.0,67.2,64.1,ok,avanzando en carpet a 50% slip=0
309,69.7,62.7,66.6,68.5,70.6,69.4,71.7,71.5,0.003,0.0,9.759,0.0,79.062,-0.0,0.088,0.1005,28.492,25.12,carpet,0,0.0,69.7,62.7,ok,avanzando en carpet a 50% slip=0
310,69.0,64.9,61.5,66.3,70.2,63.8,59.8,69.3,-0.001,0.0,9.848,0.0,82.87,-0.0,0.089,0.1005,28.593,25.22,carpet,0.0,0.0,69.0,59.8,ok,avanzando en carpet a 50% slip=0
311,68.6,65.1,67.0,66.4,65.1,67.2,70.8,64.5,-0.004,0.0,9.83,0.0,82.597,-0.0,0.018,0.1005,28.693,25.321,carpet,0,0.0,64.5,65.1,ok,avanzando en carpet a 50% slip=0
312,73.9,72.2,67.5,65.4,61.5,70.4,66.7,69.9,-0.007,0.0,9.777,0.0,76.879,-0.0,0.053,0.1005,28.794,25.421,carpet,0,0.0,69.9,66.7,ok,avanzando en carpet a 50% slip=0
313,69.9,67.4,65.9,65.1,63.0,69.1,67.8,71.6,-0.01,0.0,9.86,0.0,66.82,-0.0,0.082,0.1005,28.894,25.522,carpet,0.0,0.1,69.9,67.4,ok,avanzando en carpet a 50% slip=0
314,71.8,67.8,65.5,69.4,68.6,65.9,63.7,59.6,-0.012,0.0,9.807,0.0,52.436,-0.0,0.053,0.1005,28.995,25.622,carpet,0.0,0.1,59.6,63.7,ok,avanzando en carpet a 50% slip=0.0
315,67.4,61.1,65.2,71.7,73.6,64.8,71.5,69.1,-0.014,0.0,9.847,0.0,34.963,-0.0,0.04,0.1005,29.095,25.723,carpet,0,0.1,67.4,61.1,ok,avanzando en carpet a 50% slip=0.0
316,64.1,70.7,66.5,62.6,64.0,69.4,67.9,69.3,-0.014,0.0,9.78,0.0,15.698,-0.0,0.066,0.1005,29.196,25.823,carpet,0,0.1,64.1,67.9,ok,avanzando en carpet a 50% slip=0.0
317,68.5,67.9,59.9,60.4,69.6,67.2,61.4,67.8,-0.014,0.0,9.83,0.0,-4.825,-0.0,0.049,0.1005,29.296,25.924,carpet,0.0,0.1,67.8,61.4,ok,avanzando en carpet a 50% slip=0.0
318,65.6,68.8,64.5,65.2,66.9,73.4,61.4,61.2,-0.013,0.0,9.792,0.0,-24.793,-0.0,0.038,0.1005,29.397,26.024,carpet,0,0.1,61.2,61.4,ok,avanzando en carpet a 50% slip=0.0
319,68.3,69.0,64.1,65.6,69.0,66.5,63.6,68.6,-0.011,0.0,9.845,0.0,-43.582,-0.0,0.053,0.1005,29.497,26.125,carpet,0,0.1,68.3,63.6,ok,avanzando en carpet a 50% slip=0
320,68.4,67.9,62.8,66.4,68.8,68.2,62.5,68.9,-0.009,0.0,9.805,0.0,-59.364,-0.0,0.04,0.1005,29.598,26.225,carpet,0.0,0.1,68.4,62.5,ok,avanzando en carpet a 50% slip=0
321,63.3,67.5,71.7,69.1,67.0,65.2,71.4,62.0,-0.006,0.0,9.781,0.0,-72.291,-0.0,0.025,0.1005,29.698,26.326,carpet,0.0,0.0,62.0,67.5,ok,avanzando en carpet a 50% slip=0
322,69.8,69.3,61.3,64.7,68.2,66.0,67.4,67.3,-0.002,0.0,9.818,0.0,-80.449,-0.0,0.037,0.1005,29.799,26.426,carpet,0,0.0,67.3,67.4,ok,avanzando en carpet a 50% slip=0
323,69.5,70.3,67.2,61.0,67.9,65.6,72.9,64.1,0.001,0.0,9.825,0.0,-83.021,-0.0,0.008,0.1005,29.899,26.527,carpet,0,0.0,64.1,70.3,ok,avanzando en carpet a 50% slip=0
324,66.0,63.2,68.2,65.3,65.7,72.5,67.1,70.8,0.005,0.0,9.865,-0.0,-82.045,-0.0,0.041,0.1005,30.0,26.627,carpet,0.0,0.0,66.0,63.2,ok,avanzando en carpet a 50% slip=0.0
325,74.1,68.9,68.5,68.5,67.3,61.5,70.9,65.8,0.008,0.0,9.833,-0.0,-75.248,-0.0,0.032,0.1005,30.1,26.728,carpet,0,0.0,65.8,68.9,ok,avanzando en carpet a 50% slip=0.0
326,70.4,68.4,65.0,70.9,65.5,63.4,69.2,65.4,0.01,0.0,9.806,-0.0,-64.618,-0.0,0.027,0.1005,30.201,26.828,carpet,0,0.1,65.4,68.4,ok,avanzando en carpet a 50% slip=0.0
327,76.1,66.1,66.4,65.3,65.7,69.7,67.2,68.0,0.012,0.0,9.785,-0.0,-49.383,-0.0,0.021,0.1005,30.301,26.929,carpet,0.0,0.1,68.0,66.1,ok,avanzando en carpet a 50% slip=0.0
328,69.7,66.8,62.0,60.1,68.8,66.9,66.9,62.9,0.014,0.0,9.824,-0.0,-31.66,-0.0,0.039,0.1005,30.401,27.029,carpet,0.0,0.1,62.9,66.8,ok,avanzando en carpet a 50% slip=0.0
329,67.4,67.0,57.8,65.6,67.4,64.6,64.4,61.9,0.014,0.0,9.743,-0.0,-12.039,-0.0,0.081,0.1005,30.502,27.13,carpet,0,0.1,61.9,64.4,ok,avanzando en carpet a 50% slip=0
330,66.6,65.3,65.7,63.6,69.7,71.9,62.2,66.2,0.014,0.0,9.832,-0.0,8.402,-0.0,0.089,0.1005,30.602,27.23,carpet,0,0.1,66.2,62.2,ok,avanzando en carpet a 50% slip=0
331,62.5,64.9,68.8,62.2,64.6,69.0,67.0,62.1,0.013,0.0,9.792,-0.0,28.276,-0.0,0.039,0.1005,30.703,27.331,carpet,0.0,0.1,62.1,64.9,ok,avanzando en carpet a 50% slip=0
332,69.0,71.0,64.2,67.8,65.1,64.0,62.9,61.2,0.011,0.0,9.78,-0.0,46.457,-0.0,0.013,0.1005,30.803,27.431,carpet,0,0.1,61.2,62.9,ok,avanzando en carpet a 50% slip=0
333,70.5,70.2,70.8,70.9,67.7,66.5,66.3,65.9,0.008,0.0,9.764,-0.0,62.001,-0.0,0.016,0.0973,30.904,27.525,carpet,0.031,0.0,65.9,66.3,ok,avanzando en carpet a 50% slip=0
334,71.3,68.0,66.5,64.6,63.6,67.2,64.7,67.3,0.005,0.0,9.785,-0.0,73.952,-0.0,0.021,0.1005,31.004,27.626,carpet,0.0,0.0,67.3,64.7,ok,avanzando en carpet a 50% slip=0.0
335,66.7,72.2,66.5,66.8,64.9,69.0,69.9,68.9,0.002,0.0,9.772,-0.0,81.091,0.0,0.013,0.1005,31.105,27.726,carpet,0.0,0.0,66.7,69.9,ok,avanzando en carpet a 50% slip=0.0
336,66.5,71.0,66.7,69.2,66.8,72.1,63.6,67.4,-0.002,0.0,9.762,-0.0,83.596,0.0,0.011,0.1005,31.205,27.827,carpet,0,0.0,66.5,63.6,ok,avanzando en carpet a 50% slip=0.0
337,65.6,70.7,67.5,69.5,71.6,67.0,69.4,69.3,-0.005,0.0,9.818,-0.0,81.192,0.0,0.056,0.1005,31.306,27.927,carpet,0,0.0,65.6,69.4,ok,avanzando en carpet a 50% slip=0.0
338,62.9,63.5,63.5,69.6,65.9,74.1,68.8,67.0,-0.008,0.0,9.739,-0.0,73.658,0.0,0.079,0.1005,31.406,28.028,carpet,0.0,0.0,62.9,63.5,ok,avanzando en carpet a 50% slip=0.0
339,63.1,65.5,66.7,68.9,62.8,73.1,70.3,67.4,-0.011,-0.0,9.845,-0.0,62.061,0.0,0.106,0.1005,31.507,28.128,metal,0.0,0.1,63.1,65.5,ok,avanzando en metal a 60% slip=0.0
340,67.6,61.9,73.1,70.9,69.8,63.8,67.3,65.1,0.46,-0.0,9.809,-0.0,-1868.19,0.0,0.473,0.1225,31.626,28.254,metal,0,2.7,65.1,61.9,ok,avanzando en metal a 60% slip=0.0
341,68.9,62.1,66.0,69.8,67.5,71.3,64.2,65.3,0.057,-0.0,9.832,-0.002,243.208,0.026,0.404,0.1193,31.745,28.373,metal,0.01,0.3,65.3,62.1,ok,avanzando en metal a 60% slip=0.0
342,70.7,68.5,67.3,68.2,67.1,71.8,65.3,67.5,0.043,0.0,9.821,0.0,325.251,-0.003,0.017,0.1193,31.865,28.492,carpet,0.01,0.3,67.5,65.3,ok,avanzando en metal a 60% slip=0.0
343,70.0,68.4,67.2,68.8,67.0,62.7,66.8,67.1,0.027,-0.0,9.788,0.0,384.721,-0.003,0.037,0.1193,31.984,28.612,carpet,0.01,0.2,67.1,66.8,ok,avanzando en metal a 60% slip=0.0
344,67.5,67.7,65.5,73.0,69.2,60.5,70.8,67.6,0.009,-0.0,9.829,0.0,425.36,-0.002,0.045,0.1225,32.11,28.731,carpet,0,0.1,67.5,67.7,ok,avanzando en carpet a 50% slip=0
345,69.5,71.9,66.7,71.5,64.5,69.5,67.0,68.9,-0.482,-0.0,9.815,0.0,2349.541,-0.002,0.492,0.1005,32.21,28.831,metal,0,2.8,68.9,67.0,ok,avanzando en carpet a 50% slip=0
346,74.3,67.3,69.0,65.3,68.3,67.2,69.8,62.1,-0.074,-0.0,9.855,-0.004,-346.036,-0.035,0.41,0.1005,32.311,28.932,metal,0.0,0.4,62.1,67.3,ok,avanzando en carpet a 50% slip=0
347,73.5,65.1,68.5,63.4,69.1,63.4,75.0,64.2,-0.055,0.0,9.821,0.001,-450.166,0.003,0.039,0.1005,32.411,29.032,carpet,0.0,0.3,64.2,65.1,ok,avanzando en carpet a 50% slip=0
348,65.1,64.8,69.3,66.0,65.9,62.1,64.0,68.4,-0.033,-0.0,9.781,0.001,-530.622,0.002,0.046,0.1005,32.512,29.133,carpet,0,0.2,65.1,64.0,ok,avanzando en carpet a 50% slip=0
349,62.8,66.0,68.0,65.1,69.3,70.5,61.5,59.4,-0.009,-0.0,9.809,0.001,-576.097,0.002,0.037,0.1005,32.612,29.233,carpet,0.0,0.1,59.4,61.5,ok,avanzando en carpet a 50% slip=0.0
350,68.5,72.4,64.3,66.5,66.7,66.3,64.0,77.2,0.016,-0.0,9.777,0.001,-592.85,0.002,0.04,0.1005,32.713,29.334,carpet,0.0,0.1,68.5,64.0,ok,avanzando en carpet a 50% slip=0.0
351,62.4,65.7,69.5,69.2,73.0,63.6,66.5,70.9,0.015,-0.0,9.806,0.001,4.442,0.009,0.029,0.1005,32.813,29.434,carpet,0,0.1,62.4,65.7,ok,avanzando en carpet a 50% slip=0.0
352,64.7,68.6,73.1,71.8,72.4,71.6,63.8,63.6,0.014,0.0,9.804,0.0,26.565,0.0,0.002,0.1005,32.913,29.535,carpet,0.0,0.1,63.6,63.8,ok,avanzando en carpet a 50% slip=0.0
353,68.3,67.0,63.5,64.6,61.1,60.1,61.9,62.5,0.012,-0.0,9.812,0.0,46.982,0.0,0.008,0.1005,33.014,29.635,carpet,0.0,0.1,62.5,61.9,ok,avanzando en carpet a 50% slip=0.0
354,69.1,66.8,72.6,67.3,69.7,72.2,70.6,70.1,0.01,-0.0,9.814,0.0,64.722,0.0,0.003,0.1005,33.114,29.736,carpet,0,0.1,69.1,66.8,ok,avanzando en carpet a 50% slip=0
355,71.1,65.5,63.0,58.5,71.4,72.6,66.5,68.1,0.006,-0.0,9.8,0.0,78.333,0.0,0.014,0.0973,33.209,29.836,carpet,0.031,0.0,68.1,65.5,ok,avanzando en carpet a 50% slip=0
356,69.4,69.8,72.3,63.9,70.4,65.6,63.1,67.3,0.003,-0.0,9.831,0.0,87.789,0.0,0.031,0.1005,33.309,29.937,carpet,0.0,0.0,67.3,63.1,ok,avanzando en carpet a 50% slip=0
357,66.7,65.7,66.9,73.8,72.0,66.6,68.6,62.1,-0.001,-0.0,9.745,0.0,91.832,0.0,0.086,0.1005,33.41,30.037,carpet,0.0,0.0,62.1,65.7,ok,avanzando en carpet a 50% slip=0
358,67.5,69.7,68.4,67.5,64.9,70.6,66.6,67.5,-0.005,-0.0,9.806,0.0,90.16,0.0,0.061,0.1005,33.51,30.138,carpet,0,0.0,67.5,66.6,ok,avanzando en carpet a 50% slip=0
359,63.6,70.5,62.6,68.3,68.3,71.7,66.3,73.0,-0.008,-0.0,9.88,0.0,82.915,0.0,0.074,0.1005,33.611,30.238,carpet,0.0,0.0,63.6,66.3,ok,avanzando en carpet a 50% slip=0.0
360,66.8,73.3,68.7,62.2,67.9,70.8,64.4,73.0,-0.011,-0.0,9.825,0.0,70.8,0.0,0.055,0.1005,33.711,30.339,carpet,0.0,0.1,66.8,64.4,ok,avanzando en carpet a 50% slip=0.0
361,68.9,67.3,62.7,61.0,67.4,67.3,65.8,63.1,-0.014,-0.0,9.815,0.0,54.773,0.0,0.01,0.1005,33.812,30.439,carpet,0,0.1,63.1,65.8,ok,avanzando en carpet a 50% slip=0.0
362,69.2,66.4,68.9,71.1,69.6,71.1,63.6,66.1,-0.015,-0.0,9.789,0.0,35.458,0.0,0.026,0.1005,33.912,30.54,carpet,0.0,0.1,66.1,63.6,ok,avanzando en carpet a 50% slip=0.0
363,67.9,66.6,69.4,65.5,65.1,63.7,66.6,64.8,-0.015,-0.0,9.795,0.0,-4.4,-0.0,0.006,0.1005,34.012,30.64,carpet,0.0,0.1,64.8,66.6,ok,avanzando en carpet a 50% slip=0.0
364,65.3,65.6,59.9,67.7,63.4,61.5,69.5,66.5,-0.014,0.0,9.81,0.0,-25.732,0.0,0.015,0.1005,34.113,30.741,carpet,0,0.1,65.3,65.6,ok,avanzando en carpet a 50% slip=0
365,68.7,70.9,68.1,66.5,70.0,63.9,66.1,66.5,-0.012,-0.0,9.842,0.0,-45.598,0.0,0.033,0.1005,34.213,30.841,carpet,0.0,0.1,66.5,66.1,ok,avanzando en carpet a 50% slip=0
366,65.2,70.8,61.0,67.2,67.4,64.3,62.9,69.0,-0.009,-0.0,9.768,0.0,-62.806,0.0,0.074,0.1005,34.314,30.942,carpet,0,0.1,65.2,62.9,ok,avanzando en carpet a 50% slip=0
367,66.3,70.0,65.0,70.4,66.6,69.9,67.4,68.4,-0.006,-0.0,9.848,0.0,-75.764,0.0,0.08,0.1005,34.414,31.042,carpet,0.0,0.0,66.3,67.4,ok,avanzando en carpet a 50% slip=0
368,66.2,69.4,65.2,62.5,69.4,65.3,61.3,68.5,-0.003,-0.0,9.787,0.0,-84.935,0.0,0.061,0.1005,34.515,31.143,carpet,0.0,0.0,66.2,61.3,ok,avanzando en carpet a 50% slip=0
369,67.7,71.5,65.1,63.5,64.2,66.7,66.3,67.5,0.001,-0.0,9.804,0.0,-88.589,0.0,0.017,0.1005,34.615,31.243,carpet,0,0.0,67.5,66.3,ok,avanzando en carpet a 50% slip=0
370,64.7,66.1,60.7,65.9,73.2,66.7,69.3,68.5,0.005,-0.0,9.796,0.0,-86.76,-0.0,0.009,0.1005,34.716,31.343,carpet,0.0,0.0,64.7,66.1,ok,avanzando en carpet a 50% slip=0
371,66.4,58.3,62.8,64.9,67.9,67.7,63.4,68.3,0.008,-0.0,9.824,0.0,-80.142,-0.0,0.028,0.1005,34.816,31.444,carpet,0.0,0.0,66.4,58.3,ok,avanzando en carpet a 50% slip=0
372,66.1,65.3,67.2,68.1,68.3,67.2,65.5,65.0,0.011,-0.0,9.815,0.0,-68.364,-0.0,0.01,0.1005,34.917,31.544,carpet,0,0.1,65.0,65.3,ok,avanzando en carpet a 50% slip=0
373,70.4,72.6,65.8,66.8,68.6,70.3,73.2,66.0,0.013,0.0,9.813,0.0,-53.171,-0.0,0.003,0.1005,35.017,31.645,carpet,0.0,0.1,66.0,72.6,ok,avanzando en carpet a 50% slip=0
374,66.8,68.4,62.3,68.2,65.4,73.4,63.6,68.5,0.015,0.0,9.826,0.0,-34.188,-0.0,0.013,0.1005,35.118,31.745,carpet,0.0,0.1,66.8,63.6,ok,avanzando en carpet a 50% slip=0.0
375,69.6,68.5,63.1,64.9,67.2,68.0,71.0,69.4,0.015,-0.0,9.844,0.0,1.911,0.0,0.018,0.1005,35.218,31.846,carpet,0,0.1,69.4,68.5,ok,avanzando en carpet a 50% slip=0.0
376,63.8,75.4,68.9,73.7,62.8,63.7,67.3,66.3,0.014,0.0,9.818,0.0,22.623,-0.0,0.026,0.1005,35.319,31.946,carpet,0.0,0.1,63.8,67.3,ok,avanzando en carpet a 50% slip=0.0
377,66.6,67.0,69.9,62.2,65.7,64.6,64.9,65.9,0.012,0.0,9.808,0.0,41.951,-0.0,0.01,0.1005,35.419,32.047,carpet,0,0.1,65.9,64.9,ok,avanzando en carpet a 50% slip=0.0
378,70.1,68.7,68.8,62.9,66.8,68.5,65.5,67.1,0.009,0.0,9.818,0.0,58.662,-0.0,0.01,0.1005,35.52,32.147,carpet,0,0.1,67.1,65.5,ok,avanzando en carpet a 50% slip=0.0
379,69.5,69.8,66.1,65.4,70.7,60.5,68.8,67.7,0.006,0.0,9.846,0.0,72.138,-0.0,0.028,0.1005,35.62,32.248,carpet,0.0,0.0,67.7,68.8,ok,avanzando en carpet a 50% slip=0.0
380,69.7,66.9,70.8,72.3,65.3,67.8,66.8,72.8,0.003,0.0,9.824,0.0,81.371,-0.0,0.023,0.1005,35.721,32.348,carpet,0,0.0,69.7,66.8,ok,avanzando en carpet a 50% slip=0.0
381,68.7,66.7,62.3,67.3,60.6,66.2,70.0,65.2,-0.001,0.0,9.776,0.0,85.229,-0.0,0.048,0.1005,35.821,32.449,carpet,0.0,0.0,65.2,66.7,ok,avanzando en carpet a 50% slip=0.0
382,65.6,67.7,70.5,72.4,64.3,72.6,63.0,64.4,-0.004,0.0,9.777,0.0,84.691,-0.0,0.004,0.1005,35.922,32.549,carpet,0.0,0.0,64.4,63.0,ok,avanzando en carpet a 50% slip=0.0
383,66.1,67.8,69.0,71.5,66.3,65.6,66.9,66.7,-0.007,0.0,9.828,0.0,78.495,-0.0,0.051,0.1005,36.022,32.65,carpet,0,0.0,66.1,66.9,ok,avanzando en carpet a 50% slip=0.0
384,69.5,65.5,69.0,64.5,59.9,64.4,66.1,64.6,-0.01,0.0,9.771,0.0,67.541,-0.0,0.058,0.1005,36.123,32.75,carpet,0.0,0.1,64.6,65.5,ok,avanzando en carpet a 50% slip=0.0
385,67.6,71.9,61.9,71.3,67.8,71.4,60.8,72.0,-0.012,0.0,9.846,-0.0,53.008,-0.0,0.075,0.1005,36.223,32.851,carpet,0.0,0.1,67.6,60.8,ok,avanzando en carpet a 50% slip=0.0
386,67.0,63.9,65.3,69.4,64.4,69.3,72.3,70.9,-0.014,0.0,9.82,-0.0,35.303,-0.0,0.026,0.1005,36.324,32.951,carpet,0,0.1,67.0,63.9,ok,avanzando en carpet a 50% slip=0.0
387,69.4,73.1,67.0,70.5,66.9,71.1,64.7,61.6,-0.015,0.0,9.803,-0.0,15.295,-0.0,0.017,0.1005,36.424,33.052,carpet,0.0,0.1,61.6,64.7,ok,avanzando en carpet a 50% slip=0.0
388,66.0,71.8,72.6,63.8,66.7,66.0,66.4,65.5,-0.014,0.0,9.791,-0.0,-5.595,-0.0,0.012,0.1005,36.524,33.152,carpet,0.0,0.1,65.5,66.4,ok,avanzando en carpet a 50% slip=0.0
389,70.1,70.0,72.7,66.2,65.8,65.0,69.5,71.3,-0.013,0.0,9.862,-0.0,-26.18,-0.0,0.071,0.1005,36.625,33.253,carpet,0,0.1,70.1,69.5,ok,avanzando en carpet a 50% slip=0
390,68.9,66.0,66.9,64.5,63.8,68.4,65.4,69.6,-0.011,0.0,9.81,-0.0,-45.289,-0.0,0.052,0.1005,36.725,33.353,carpet,0.0,0.1,68.9,65.4,ok,avanzando en carpet a 50% slip=0
391,64.4,68.7,70.3,62.6,68.2,71.0,67.4,66.6,-0.009,0.0,9.824,-0.0,-61.307,-0.0,0.014,0.1005,36.826,33.454,carpet,0,0.1,64.4,67.4,ok,avanzando en carpet a 50% slip=0
392,67.9,70.6,68.8,60.4,70.0,66.4,63.8,71.6,-0.006,0.0,9.793,-0.0,-74.224,-0.0,0.031,0.1005,36.926,33.554,carpet,0,0.0,67.9,63.8,ok,avanzando en carpet a 50% slip=0
393,65.7,60.8,66.3,63.4,72.2,69.8,62.1,65.3,-0.002,0.0,9.826,-0.0,-82.529,-0.0,0.033,0.1005,37.027,33.655,carpet,0.0,0.0,65.3,60.8,ok,avanzando en carpet a 50% slip=0
394,68.6,68.3,68.0,71.2,70.4,68.6,67.3,68.8,0.001,0.0,9.814,-0.0,-85.52,-0.0,0.013,0.1005,37.127,33.755,carpet,0,0.0,68.6,67.3,ok,avanzando en carpet a 50% slip=0
395,63.4,65.4,71.6,69.6,69.1,70.1,69.5,71.8,0.005,0.0,9.816,-0.0,-84.035,-0.0,0.004,0.1005,37.228,33.855,carpet,0.0,0.0,63.4,65.4,ok,avanzando en carpet a 50% slip=0
396,66.3,63.7,70.4,67.5,67.5,60.8,63.3,72.2,0.008,0.0,9.763,-0.0,-76.947,-0.0,0.052,0.1005,37.328,33.956,carpet,0.0,0.0,66.3,63.3,ok,avanzando en carpet a 50% slip=0
397,65.4,66.5,68.6,69.4,66.0,67.3,67.0,70.4,0.011,0.0,9.79,-0.0,-65.826,0.0,0.027,0.1005,37.429,34.056,carpet,0,0.1,65.4,66.5,ok,avanzando en carpet a 50% slip=0
398,56.8,67.2,68.1,66.9,66.3,62.8,64.2,70.1,0.013,0.0,9.815,-0.0,-50.36,0.0,0.025,0.1005,37.529,34.157,carpet,0.0,0.1,56.8,64.2,ok,avanzando en carpet a 50% slip=0
399,70.2,65.7,71.0,63.8,64.3,69.1,67.0,68.2,0.014,0.0,9.854,-0.0,-31.826,0.0,0.039,0.1005,37.63,34.257,carpet,0.0,0.1,68.2,65.7,ok,claude:carpet
400,68.2,64.8,70.7,68.9,68.4,67.0,66.0,62.6,0.014,-0.0,9.795,-0.0,-0.05,0.0,0.059,0.1005,37.73,34.358,carpet,0,0.1,62.6,64.8,ok,claude:carpet
401,69.3,64.1,66.2,61.9,69.4,67.3,72.3,69.9,0.013,0.0,9.805,-0.0,20.155,0.0,0.01,0.1005,37.831,34.458,carpet,0.0,0.1,69.3,64.1,ok,claude:carpet
402,72.7,70.3,66.6,65.3,62.3,64.9,71.5,62.4,0.012,-0.0,9.828,-0.0,39.179,0.0,0.022,0.1005,37.931,34.559,carpet,0.0,0.1,62.4,70.3,ok,claude:carpet
403,67.0,71.9,62.0,61.8,65.4,67.8,71.8,62.8,0.009,-0.0,9.856,-0.0,55.84,0.0,0.029,0.1005,38.032,34.659,carpet,0,0.1,62.8,71.8,ok,claude:carpet
404,67.7,75.0,68.3,71.0,69.0,68.4,70.4,72.4,0.006,-0.0,9.828,-0.0,69.234,0.0,0.028,0.0973,38.132,34.754,carpet,0.031,0.0,67.7,70.4,ok,avanzando en carpet a 50% slip=0.031
405,66.7,62.2,65.7,68.9,73.7,71.4,70.1,66.6,0.003,-0.0,9.804,-0.0,78.366,0.0,0.024,0.1005,38.233,34.854,carpet,0.0,0.0,66.6,62.2,ok,avanzando en carpet a 50% slip=0.031
406,66.4,63.9,71.2,66.7,64.6,65.3,64.5,61.9,-0.0,-0.0,9.784,-0.0,83.085,0.0,0.02,0.1005,38.333,34.954,carpet,0,0.0,61.9,63.9,ok,avanzando en carpet a 50% slip=0.031
407,70.0,59.1,63.0,70.9,69.9,66.0,73.6,66.9,-0.004,-0.0,9.792,-0.0,82.477,0.0,0.008,0.1005,38.434,35.055,carpet,0,0.0,66.9,59.1,ok,avanzando en carpet a 50% slip=0.031
408,61.5,68.2,68.8,67.0,70.0,73.0,65.7,63.0,-0.007,-0.0,9.785,-0.0,77.013,0.0,0.008,0.1005,38.534,35.155,carpet,0,0.0,61.5,65.7,ok,avanzando en carpet a 50% slip=0.031
409,64.2,60.1,66.9,69.9,68.2,66.6,61.9,72.9,-0.01,-0.0,9.779,-0.0,67.072,0.0,0.006,0.1005,38.635,35.256,carpet,0,0.1,64.2,60.1,ok,avanzando en carpet a 50% slip=0
410,68.7,68.0,69.3,70.7,67.6,68.0,59.8,63.1,-0.012,-0.0,9.818,-0.0,53.14,0.0,0.039,0.1005,38.735,35.356,carpet,0.0,0.1,63.1,59.8,ok,avanzando en carpet a 50% slip=0
411,69.1,65.5,66.4,66.1,66.4,64.3,66.7,72.1,-0.014,-0.0,9.78,-0.0,36.095,0.0,0.038,0.1005,38.836,35.457,carpet,0,0.1,69.1,65.5,ok,avanzando en carpet a 50% slip=0
412,70.2,68.1,72.9,66.4,72.1,68.1,72.8,67.2,-0.014,-0.0,9.818,-0.0,16.683,0.0,0.038,0.1005,38.936,35.557,carpet,0,0.1,67.2,68.1,ok,avanzando en carpet a 50% slip=0
413,70.6,64.8,71.3,69.6,66.6,64.0,75.0,64.5,-0.014,-0.0,9.836,-0.0,-3.525,0.0,0.019,0.1005,39.036,35.658,carpet,0.0,0.1,64.5,64.8,ok,avanzando en carpet a 50% slip=0
414,70.1,69.1,64.7,69.4,62.5,64.7,66.5,63.0,-0.013,-0.0,9.813,-0.0,-23.657,0.0,0.024,0.1005,39.137,35.758,carpet,0,0.1,63.0,66.5,ok,avanzando en carpet a 50% slip=0
415,64.5,66.8,72.4,66.0,67.8,67.8,65.8,66.3,-0.011,-0.0,9.826,-0.0,-42.218,0.0,0.014,0.1005,39.237,35.859,carpet,0,0.1,64.5,65.8,ok,avanzando en carpet a 50% slip=0
416,70.3,68.1,64.7,69.7,64.0,67.1,65.8,69.1,-0.009,-0.0,9.837,-0.0,-58.266,0.0,0.012,0.1005,39.338,35.959,carpet,0.0,0.1,69.1,65.8,ok,avanzando en carpet a 50% slip=0
417,66.2,72.8,71.0,70.6,67.5,68.6,72.2,64.9,-0.006,-0.0,9.751,0.0,-71.183,0.0,0.087,0.1005,39.438,36.06,carpet,0,0.0,64.9,72.2,ok,avanzando en carpet a 50% slip=0
418,71.3,69.2,66.8,65.9,61.2,69.2,67.6,62.4,-0.003,-0.0,9.821,0.0,-79.3,0.0,0.071,0.1005,39.539,36.16,carpet,0,0.0,62.4,67.6,ok,avanzando en carpet a 50% slip=0
419,68.4,67.2,67.1,71.3,66.9,68.6,60.5,70.6,0.001,-0.0,9.818,0.0,-83.608,0.0,0.005,0.1005,39.639,36.261,carpet,0,0.0,68.4,60.5,ok,avanzando en carpet a 50% slip=0
420,62.8,66.5,62.4,68.0,62.2,71.1,63.3,69.3,0.004,-0.0,9.827,0.0,-81.748,0.0,0.01,0.1005,39.74,36.361,carpet,0.0,0.0,62.8,63.3,ok,avanzando en carpet a 50% slip=0
421,65.4,64.2,68.7,71.1,66.5,73.1,64.9,67.5,0.008,-0.0,9.813,0.0,-75.953,0.0,0.014,0.1005,39.84,36.462,carpet,0,0.0,65.4,64.2,ok,avanzando en carpet a 50% slip=0
422,71.5,67.9,69.5,66.4,65.6,66.9,65.8,67.9,0.01,-0.0,9.821,0.0,-64.749,0.0,0.008,0.1005,39.941,36.562,carpet,0,0.1,67.9,65.8,ok,avanzando en carpet a 50% slip=0
423,65.4,71.2,69.1,66.9,72.2,66.5,70.0,70.0,0.012,-0.0,9.78,0.0,-50.529,0.0,0.041,0.1005,40.041,36.663,carpet,0,0.1,65.4,70.0,ok,avanzando en carpet a 50% slip=0
424,70.8,70.1,69.1,64.6,67.3,66.1,71.6,70.2,0.014,-0.0,9.825,0.0,-32.67,0.0,0.045,0.1005,40.142,36.763,carpet,0.0,0.1,70.2,70.1,ok,avanzando en carpet a 50% slip=0.0
425,67.3,64.9,70.5,60.4,67.5,62.5,67.9,70.4,0.014,-0.0,9.851,0.0,-13.228,0.0,0.025,0.1005,40.242,36.864,carpet,0,0.1,67.3,64.9,ok,avanzando en carpet a 50% slip=0.0
426,65.6,65.2,69.8,63.9,65.0,68.2,72.4,68.1,0.014,-0.0,9.846,0.0,7.108,0.0,0.005,0.1005,40.343,36.964,carpet,0,0.1,65.6,65.2,ok,avanzando en carpet a 50% slip=0.0
427,72.6,64.0,69.0,66.9,71.1,68.3,70.9,71.3,0.013,-0.0,9.778,0.0,26.978,0.0,0.068,0.1005,40.443,37.065,carpet,0.0,0.1,71.3,64.0,ok,avanzando en carpet a 50% slip=0.0
428,66.3,62.6,69.0,69.6,73.5,67.0,73.2,65.2,0.011,-0.0,9.803,0.0,45.273,-0.0,0.025,0.1005,40.544,37.165,carpet,0,0.1,65.2,62.6,ok,avanzando en carpet a 50% slip=0.0
429,71.3,63.5,63.5,63.3,72.1,71.8,68.0,61.3,0.008,-0.0,9.827,0.0,60.984,-0.0,0.024,0.1005,40.644,37.266,carpet,0,0.0,61.3,63.5,ok,avanzando en carpet a 50% slip=0
430,69.2,68.2,65.0,70.9,67.7,72.7,66.8,70.1,0.005,-0.0,9.812,0.0,73.172,-0.0,0.015,0.0973,40.738,37.366,carpet,0.031,0.0,69.2,66.8,ok,avanzando en carpet a 50% slip=0
431,63.5,69.8,66.2,74.0,70.6,67.9,65.1,62.2,0.002,-0.0,9.834,0.0,80.588,-0.0,0.022,0.1005,40.839,37.466,carpet,0.0,0.0,62.2,65.1,ok,avanzando en carpet a 50% slip=0
432,66.0,61.4,65.6,60.5,65.3,73.5,68.6,74.1,-0.002,0.0,9.761,0.0,83.571,-0.0,0.073,0.1005,40.939,37.567,carpet,0,0.0,66.0,61.4,ok,avanzando en carpet a 50% slip=0
433,64.3,67.4,62.8,65.6,65.7,62.7,68.0,62.1,-0.005,0.0,9.846,0.0,81.12,-0.0,0.084,0.1005,41.04,37.667,carpet,0.0,0.0,62.1,67.4,ok,avanzando en carpet a 50% slip=0
434,62.7,70.9,63.4,69.5,64.1,68.4,68.0,62.8,-0.008,0.0,9.834,0.0,74.168,-0.0,0.012,0.1005,41.14,37.768,carpet,0.0,0.0,62.7,68.0,ok,avanzando en carpet a 50% slip=0.0
435,64.7,65.7,62.7,70.0,71.5,67.4,67.8,69.0,-0.011,0.0,9.808,0.0,62.642,-0.0,0.026,0.1005,41.241,37.868,carpet,0,0.1,64.7,65.7,ok,avanzando en carpet a 50% slip=0.0
436,63.7,67.8,68.2,69.0,74.2,65.3,64.5,67.5,-0.013,0.0,9.831,0.0,47.609,-0.0,0.023,0.1005,41.341,37.969,carpet,0.0,0.1,63.7,64.5,ok,avanzando en carpet a 50% slip=0.0
437,74.8,73.5,69.5,67.9,65.1,64.6,66.8,68.5,-0.014,0.0,9.809,0.0,29.57,-0.0,0.022,0.1005,41.442,38.069,carpet,0,0.1,68.5,66.8,ok,avanzando en carpet a 50% slip=0.0
438,65.2,67.5,67.1,72.2,70.4,66.1,68.8,65.8,-0.014,0.0,9.852,0.0,9.712,-0.0,0.044,0.1005,41.542,38.17,carpet,0,0.1,65.2,67.5,ok,avanzando en carpet a 50% slip=0.0
439,68.0,67.8,68.2,65.1,68.5,67.4,68.4,67.3,-0.014,0.0,9.804,0.0,-10.631,-0.0,0.048,0.1005,41.643,38.27,carpet,0.0,0.1,67.3,67.8,ok,avanzando en carpet a 50% slip=0.0
440,64.6,60.2,72.1,68.2,59.7,70.9,68.5,73.3,-0.013,0.0,9.788,0.0,-30.374,-0.0,0.016,0.1005,41.743,38.371,carpet,0,0.1,64.6,60.2,ok,avanzando en carpet a 50% slip=0.0
441,66.4,64.3,74.1,63.1,69.8,69.9,63.8,71.2,-0.011,0.0,9.818,0.0,-48.308,-0.0,0.03,0.1005,41.844,38.471,carpet,0.0,0.1,66.4,63.8,ok,avanzando en carpet a 50% slip=0.0
442,65.6,74.6,63.5,66.1,62.6,60.9,62.0,66.7,-0.008,0.0,9.843,0.0,-63.443,-0.0,0.024,0.1005,41.944,38.572,carpet,0.0,0.0,65.6,62.0,ok,avanzando en carpet a 50% slip=0.0
443,67.4,68.6,69.5,66.0,66.9,71.3,72.3,67.0,-0.005,0.0,9.846,0.0,-74.536,-0.0,0.005,0.1005,42.045,38.672,carpet,0,0.0,67.0,68.6,ok,avanzando en carpet a 50% slip=0.0
444,68.1,63.1,65.6,63.4,62.2,62.6,64.8,69.5,-0.001,0.0,9.84,0.0,-81.536,-0.0,0.007,0.1005,42.145,38.773,carpet,0.0,0.0,68.1,63.1,ok,avanzando en carpet a 50% slip=0.0
445,70.4,69.9,63.7,65.0,67.2,70.1,64.1,62.5,0.002,0.0,9.805,0.0,-83.19,-0.0,0.035,0.1005,42.246,38.873,carpet,0.0,0.0,62.5,64.1,ok,avanzando en carpet a 50% slip=0.0
446,65.5,69.2,67.8,63.7,63.6,70.3,65.8,69.2,0.005,0.0,9.836,0.0,-80.254,-0.0,0.031,0.1005,42.346,38.974,carpet,0,0.0,65.5,65.8,ok,avanzando en carpet a 50% slip=0.0
447,63.1,73.3,68.2,65.7,62.2,71.0,69.0,61.2,0.008,0.0,9.771,0.0,-72.395,-0.0,0.065,0.1005,42.447,39.074,carpet,0.0,0.0,61.2,69.0,ok,avanzando en carpet a 50% slip=0.0
448,67.0,66.8,68.4,73.2,63.4,68.0,69.9,68.2,0.011,0.0,9.791,-0.0,-60.216,-0.0,0.02,0.1005,42.547,39.175,carpet,0.0,0.1,67.0,66.8,ok,avanzando en carpet a 50% slip=0.0
449,69.7,67.4,66.6,67.2,66.7,63.4,63.9,71.2,0.013,0.0,9.848,-0.0,-44.553,-0.0,0.057,0.1005,42.647,39.275,carpet,0,0.1,69.7,63.9,ok,avanzando en carpet a 50% slip=0
450,72.7,69.1,63.4,66.6,73.2,69.7,70.9,67.1,0.014,0.0,9.794,-0.0,-26.149,-0.0,0.055,0.1005,42.748,39.376,carpet,0.0,0.1,67.1,69.1,ok,avanzando en carpet a 50% slip=0
451,65.8,66.8,71.0,69.2,66.6,66.7,64.0,67.0,0.014,0.0,9.822,-0.0,-6.157,-0.0,0.029,0.1005,42.848,39.476,carpet,0,0.1,65.8,64.0,ok,avanzando en carpet a 50% slip=0
452,69.1,67.9,68.7,76.2,71.2,64.6,70.8,73.8,0.014,0.0,9.787,-0.0,14.203,-0.0,0.036,0.1005,42.949,39.577,carpet,0,0.1,69.1,67.9,ok,avanzando en carpet a 50% slip=0
453,66.2,67.3,68.0,71.0,65.4,68.9,65.7,70.9,0.012,0.0,9.798,-0.0,33.659,-0.0,0.011,0.1005,43.049,39.677,carpet,0.0,0.1,66.2,65.7,ok,avanzando en carpet a 50% slip=0
454,69.9,76.0,70.4,69.1,69.0,62.6,69.7,64.2,0.01,0.0,9.854,-0.0,51.122,-0.0,0.056,0.1005,43.15,39.778,carpet,0,0.1,64.2,69.7,ok,avanzando en carpet a 50% slip=0
455,66.8,63.2,66.4,69.3,61.3,72.9,72.2,68.4,0.007,0.0,9.786,-0.0,65.809,-0.0,0.067,0.1005,43.25,39.878,carpet,0.0,0.0,66.8,63.2,ok,avanzando en carpet a 50% slip=0
456,65.9,67.6,64.4,64.3,63.3,65.2,67.7,69.6,0.004,0.0,9.799,-0.0,75.938,-0.0,0.013,0.1005,43.351,39.978,carpet,0.0,0.0,65.9,67.6,ok,avanzando en carpet a 50% slip=0
457,74.1,69.1,61.9,67.1,71.2,61.7,65.5,63.8,0.001,0.0,9.769,-0.0,81.474,-0.0,0.031,0.1005,43.451,40.079,carpet,0,0.0,63.8,65.5,ok,avanzando en carpet a 50% slip=0
458,71.4,65.6,66.8,63.9,69.7,67.5,70.5,64.3,-0.003,0.0,9.823,-0.0,83.195,-0.0,0.054,0.1005,43.552,40.179,carpet,0.0,0.0,64.3,65.6,ok,avanzando en carpet a 50% slip=0
459,66.1,69.2,61.6,67.0,67.6,68.4,69.8,66.5,-0.006,0.0,9.836,-0.0,79.408,-0.0,0.014,0.1005,43.652,40.28,carpet,0.0,0.0,66.1,69.2,ok,avanzando en carpet a 50% slip=0.0
460,63.7,67.7,68.7,67.6,65.3,67.8,66.8,72.0,-0.009,0.0,9.836,-0.0,70.438,0.0,0.003,0.1005,43.753,40.38,carpet,0,0.1,63.7,66.8,ok,avanzando en carpet a 50% slip=0.0
461,66.1,63.6,61.7,65.2,71.6,66.7,66.5,64.8,-0.011,0.0,9.823,-0.0,57.744,0.0,0.014,0.1005,43.853,40.481,carpet,0.0,0.1,64.8,63.6,ok,avanzando en carpet a 50% slip=0.0
462,67.6,74.0,66.8,60.2,69.3,57.6,66.0,67.1,-0.013,0.0,9.767,-0.0,41.482,0.0,0.055,0.1005,43.954,40.581,carpet,0.0,0.1,67.1,66.0,ok,avanzando en carpet a 50% slip=0.0
463,66.4,66.3,64.6,63.3,68.4,69.6,67.4,69.7,-0.014,-0.0,9.84,-0.0,22.644,0.0,0.072,0.1005,44.054,40.682,carpet,0,0.1,66.4,66.3,ok,avanzando en carpet a 50% slip=0.0
464,64.3,68.2,70.6,67.2,65.7,65.5,66.1,69.7,-0.014,-0.0,9.77,-0.0,2.566,0.0,0.07,0.1005,44.155,40.782,carpet,0.0,0.1,64.3,66.1,ok,avanzando en carpet a 50% slip=0.0
465,67.7,71.0,65.5,69.3,65.3,69.2,62.6,72.2,-0.013,-0.0,9.794,-0.0,-17.732,0.0,0.025,0.1005,44.255,40.883,carpet,0,0.1,67.7,62.6,ok,avanzando en carpet a 50% slip=0.0
466,64.1,64.3,58.9,66.9,70.1,69.6,66.9,67.5,-0.012,-0.0,9.856,-0.0,-36.906,0.0,0.062,0.1005,44.356,40.983,carpet,0,0.1,64.1,64.3,ok,avanzando en carpet a 50% slip=0.0
467,66.6,65.6,67.5,65.8,65.1,72.0,66.0,65.9,-0.01,-0.0,9.787,-0.0,-53.676,0.0,0.069,0.1005,44.456,41.084,carpet,0.0,0.1,65.9,65.6,ok,avanzando en carpet a 50% slip=0.0
468,68.7,71.7,62.2,65.3,74.3,61.9,70.8,68.6,-0.007,-0.0,9.854,-0.0,-67.907,0.0,0.067,0.1005,44.557,41.184,carpet,0,0.0,68.6,70.8,ok,avanzando en carpet a 50% slip=0.0
469,71.8,70.3,69.2,66.6,68.3,66.3,67.6,62.7,-0.004,-0.0,9.811,-0.0,-77.498,0.0,0.043,0.1005,44.657,41.285,carpet,0.0,0.0,62.7,67.6,ok,avanzando en carpet a 50% slip=0.0
470,64.4,69.8,67.7,62.8,69.6,66.9,69.2,67.6,-0.0,-0.0,9.762,-0.0,-82.235,0.0,0.049,0.1005,44.758,41.385,carpet,0.0,0.0,64.4,69.2,ok,avanzando en carpet a 50% slip=0.0
471,67.2,57.6,61.6,66.5,68.3,66.1,66.5,69.5,0.003,-0.0,9.798,-0.0,-82.72,0.0,0.036,0.1005,44.858,41.486,carpet,0,0.0,67.2,57.6,ok,avanzando en carpet a 50% slip=0.0
472,61.6,73.1,60.2,71.2,65.3,64.6,70.8,70.9,0.007,-0.0,9.806,-0.0,-77.618,0.0,0.009,0.1005,44.959,41.586,carpet,0.0,0.0,61.6,70.8,ok,avanzando en carpet a 50% slip=0.0
473,68.4,65.2,65.2,66.3,68.4,67.0,68.1,69.6,0.009,-0.0,9.794,-0.0,-68.276,0.0,0.012,0.1005,45.059,41.687,carpet,0.0,0.1,68.4,65.2,ok,avanzando en carpet a 50% slip=0.0
474,71.5,67.9,64.6,64.3,64.3,72.4,72.4,70.9,0.012,-0.0,9.816,-0.0,-54.924,0.0,0.022,0.1005,45.159,41.787,carpet,0,0.1,70.9,67.9,ok,avanzando en carpet a 50% slip=0
475,66.3,68.8,62.8,68.7,70.9,61.7,68.3,68.0,0.013,-0.0,9.807,-0.0,-38.231,0.0,0.009,0.1005,45.26,41.888,carpet,0.0,0.1,66.3,68.3,ok,avanzando en carpet a 50% slip=0
476,65.1,69.9,64.9,68.7,62.5,69.4,70.0,66.6,0.014,-0.0,9.794,-0.0,-19.199,0.0,0.013,0.1005,45.36,41.988,carpet,0.0,0.1,65.1,69.9,ok,avanzando en carpet a 50% slip=0
477,66.1,67.7,65.1,66.3,66.9,69.0,67.6,67.9,0.014,-0.0,9.805,-0.0,0.997,0.0,0.011,0.1005,45.461,42.089,carpet,0,0.1,66.1,67.6,ok,avanzando en carpet a 50% slip=0
478,67.4,62.2,65.6,64.3,70.3,68.3,62.0,67.9,0.013,-0.0,9.802,-0.0,21.208,0.0,0.003,0.1005,45.561,42.189,carpet,0.0,0.1,67.4,62.0,ok,avanzando en carpet a 50% slip=0
479,64.3,68.9,71.5,66.6,64.6,64.7,70.2,68.9,0.012,-0.0,9.832,0.0,39.984,0.0,0.03,0.0973,45.662,42.283,carpet,0.031,0.1,64.3,68.9,ok,avanzando en carpet a 50% slip=0.031
480,69.5,71.6,64.7,68.1,65.9,67.2,68.9,60.9,0.009,-0.0,9.805,0.0,56.474,0.0,0.027,0.1005,45.762,42.384,carpet,0,0.1,60.9,68.9,ok,avanzando en carpet a 50% slip=0.031
481,66.9,66.2,63.6,62.3,70.3,69.9,65.1,63.8,0.006,-0.0,9.847,0.0,69.986,0.0,0.042,0.1005,45.863,42.484,carpet,0,0.0,63.8,65.1,ok,avanzando en carpet a 50% slip=0.031
482,68.4,68.0,72.4,62.8,66.6,71.4,69.3,70.7,0.003,-0.0,9.816,0.0,78.859,0.0,0.031,0.1005,45.963,42.585,carpet,0,0.0,68.4,68.0,ok,avanzando en carpet a 50% slip=0.031
483,69.1,67.3,65.9,72.1,68.0,66.8,67.7,65.0,-0.0,-0.0,9.79,0.0,83.21,0.0,0.026,0.1005,46.064,42.685,carpet,0,0.0,65.0,67.3,ok,avanzando en carpet a 50% slip=0.031
484,67.7,74.5,68.3,72.0,72.4,71.4,70.3,66.5,-0.004,-0.0,9.821,0.0,82.625,0.0,0.032,0.1005,46.164,42.786,carpet,0.0,0.0,66.5,70.3,ok,avanzando en carpet a 50% slip=0.0
485,61.6,74.0,69.2,67.5,63.2,64.9,62.4,73.6,-0.007,-0.0,9.803,0.0,76.962,0.0,0.019,0.1005,46.265,42.886,carpet,0,0.0,61.6,62.4,ok,avanzando en carpet a 50% slip=0.0
486,68.6,67.7,70.3,69.6,67.7,69.0,72.3,64.4,-0.01,-0.0,9.785,0.0,66.207,0.0,0.017,0.1005,46.365,42.987,carpet,0,0.1,64.4,67.7,ok,avanzando en carpet a 50% slip=0.0
487,64.7,76.9,71.1,66.3,65.4,60.4,63.7,61.7,-0.012,-0.0,9.821,0.0,52.415,0.0,0.036,0.1005,46.466,43.087,carpet,0.0,0.1,61.7,63.7,ok,avanzando en carpet a 50% slip=0.0
488,62.9,66.8,67.5,68.4,65.2,61.7,65.2,68.0,-0.014,-0.0,9.786,0.0,35.138,0.0,0.035,0.1005,46.566,43.188,carpet,0,0.1,62.9,65.2,ok,avanzando en carpet a 50% slip=0.0
489,68.6,68.9,67.1,63.2,63.5,65.2,67.5,65.1,-0.014,-0.0,9.832,0.0,15.692,0.0,0.046,0.1005,46.667,43.288,carpet,0,0.1,65.1,67.5,ok,avanzando en carpet a 50% slip=0
490,68.2,63.4,63.0,67.6,66.7,69.8,74.0,66.6,-0.014,-0.0,9.791,0.0,-4.573,0.0,0.041,0.1005,46.767,43.389,carpet,0.0,0.1,66.6,63.4,ok,avanzando en carpet a 50% slip=0
491,68.2,65.1,65.8,67.0,66.2,68.4,67.3,62.6,-0.013,-0.0,9.806,0.0,-24.611,-0.0,0.015,0.1005,46.868,43.489,carpet,0,0.1,62.6,65.1,ok,avanzando en carpet a 50% slip=0
492,65.5,70.1,67.4,65.6,73.0,70.1,65.5,66.7,-0.011,-0.0,9.77,0.0,-43.312,-0.0,0.036,0.1005,46.968,43.589,carpet,0,0.1,65.5,65.5,ok,avanzando en carpet a 50% slip=0
493,75.1,73.5,66.7,67.0,66.5,66.8,63.1,66.9,-0.009,-0.0,9.82,0.0,-59.404,-0.0,0.05,0.1005,47.069,43.69,carpet,0.0,0.1,66.9,63.1,ok,avanzando en carpet a 50% slip=0
494,66.2,67.8,65.6,68.2,65.3,63.6,68.0,70.4,-0.006,0.0,9.798,0.0,-71.412,-0.0,0.022,0.1005,47.169,43.79,carpet,0,0.0,66.2,67.8,ok,explorando (carpet)
495,65.7,67.2,65.8,70.4,68.0,64.3,67.1,70.2,-0.0,-0.013,9.791,16.185,2664.184,-39.715,0.016,0.0,46.868,44.092,sand,0.0,0.1,65.7,67.1,ok,explorando (carpet)
496,64.7,64.5,67.1,75.5,73.5,70.2,62.2,66.6,-0.11,-0.003,9.822,12.854,2656.172,-31.892,0.114,0.0,46.868,44.092,metal,0.0,0.6,64.7,62.2,ok,explorando (carpet)
497,71.9,72.0,65.9,68.5,75.8,64.7,70.8,66.4,-0.091,-0.0,9.804,9.252,-440.693,-25.244,0.027,0.0,46.868,44.092,sand,0.0,0.5,66.4,70.8,ok,explorando (carpet)
498,66.6,60.9,67.7,67.8,69.3,70.7,67.4,68.8,-0.067,-0.001,9.79,7.3,-568.292,-20.181,0.028,0.0,46.868,44.092,sand,0.0,0.4,66.6,60.9,ok,explorando (carpet)
499,68.6,64.7,66.1,69.5,69.4,67.7,66.9,67.1,-0.039,-0.001,9.839,5.788,-665.367,-15.999,0.056,0.0,46.868,44.092,sand,0.0,0.2,67.1,64.7,ok,claude:sand
